id,amt_inv,months,interes_rate,score_d,status,sub_status,fecha_liberado,fecha_fondeo,capital_p,interes_p,tax_p,interes_m,tax_m,score,year
39052,1000,36,16.9,C3,PAGADO,AL CORRIENTE,07/02/2017,03/02/2017,999.99975,284.33822,45.49414,0,0,C,2017
39080,1000,36,14.9,C1,PAGADO,AL CORRIENTE,08/02/2017,03/02/2017,1000.00031,248.72474,39.79595,0,0,C,2017
39397,500,36,16.9,C3,PAGADO,AL CORRIENTE,07/02/2017,03/02/2017,500.0004,79.3212,12.69134,0,0,C,2017
39328,500,36,21.9,E2,PAGADO,AL CORRIENTE,14/02/2017,03/02/2017,500,117.2703,18.76326,0,0,E,2017
38473,500,36,20.9,E1,CANCELADO,AL CORRIENTE,14/02/2017,03/02/2017,140.8032,99.1639,15.8663,0.0361,0.0058,E,2017
39361,500,36,17.9,D1,PAGADO,INCOBRABLE,15/02/2017,03/02/2017,313.3879,134.4928,21.5188,1.042,0.1668,D,2017
39409,500,36,21.9,E2,LIBERADO,INCOBRABLE,28/02/2017,03/02/2017,162.2971,117.27046,18.76317,4.6951,0.7512,E,2017
39436,500,36,20.9,E1,PAGADO,AL CORRIENTE,16/02/2017,03/02/2017,499.99989,179.70824,28.75338,0,0,E,2017
38745,500,36,22.9,E3,PAGADO,AL CORRIENTE,10/02/2017,03/02/2017,499.99993,190.81104,30.52981,0,0,E,2017
39538,1000,36,14.9,C1,PAGADO,AL CORRIENTE,13/02/2017,03/02/2017,999.9998,248.7243,39.7959,0,0,C,2017
39499,1000,36,13.9,B3,PAGADO,AL CORRIENTE,07/02/2017,03/02/2017,1000.0001,200.4117,32.0659,0,0,B,2017
38904,500,36,19.9,D3,PAGADO,AL CORRIENTE,27/02/2017,03/02/2017,500,105.6697,16.90721,0,0,D,2017
39575,1000,12,16.9,C3,PAGADO,AL CORRIENTE,07/02/2017,03/02/2017,1000,94.0418,15.04669,0,0,C,2017
39017,500,36,23.9,F1,LIBERADO,INCOBRABLE,06/03/2017,03/02/2017,111.96,100.44836,16.0719,46.60972,7.45758,F,2017
38861,500,36,25.9,F3,LIBERADO,INCOBRABLE,16/02/2017,03/02/2017,156.4702,139.5835,22.33333,0,0,F,2017
39183,250,36,18.9,D2,LIBERADO,INCOBRABLE,23/03/2017,11/03/2017,36.7404,25.9109,4.14572,0.374,0.0598,D,2017
40148,500,36,14.9,C1,PAGADO,AL CORRIENTE,21/03/2017,18/03/2017,500,65.2847,10.44558,0,0,C,2017
39431,500,36,17.9,D1,LIBERADO,INCOBRABLE,22/03/2017,18/03/2017,328.9358,137.27552,21.96413,0,0,D,2017
39405,250,36,27.9,G2,CANCELADO,INCOBRABLE,22/03/2017,18/03/2017,64.2937,70.26407,11.24241,29.35143,4.69597,G,2017
39398,250,36,25.9,F3,PAGADO,AL CORRIENTE,24/03/2017,18/03/2017,250.00006,113.84839,18.2156,0.1568,0.0251,F,2017
39673,500,36,14.9,C1,PAGADO,AL CORRIENTE,30/03/2017,18/03/2017,499.99996,124.36238,19.89798,0,0,C,2017
41072,500,24,27.9,G2,LIBERADO,INCOBRABLE,21/03/2017,18/03/2017,223.5662,121.017,19.3628,34.89308,5.58272,G,2017
39109,500,36,19.9,D3,PAGADO,AL CORRIENTE,30/03/2017,18/03/2017,500.0014,24.3396,3.89434,0,0,D,2017
40017,500,36,19.9,D3,PAGADO,AL CORRIENTE,04/04/2017,18/03/2017,500.00011,169.95736,27.19315,0,0,D,2017
41005,500,36,11.9,B1,PAGADO,AL CORRIENTE,05/04/2017,18/03/2017,500.00031,97.80198,15.64833,0,0,B,2017
41053,500,24,18.9,D2,PAGADO,AL CORRIENTE,21/03/2017,18/03/2017,499.9999,94.5795,15.13272,0,0,D,2017
41057,500,36,16.9,C3,CANCELADO,AL CORRIENTE,24/03/2017,18/03/2017,123.2381,68.906,11.02507,1.0515,0.1683,C,2017
40363,500,36,20.9,E1,PAGADO,INCOBRABLE,05/04/2017,18/03/2017,364.29234,170.66628,27.30684,6.7405,1.07851,E,2017
40721,500,36,17.9,D1,PAGADO,AL CORRIENTE,18/04/2017,18/03/2017,499.99989,150.03514,24.00562,0.72121,0.11546,D,2017
40286,500,36,22.9,E3,PAGADO,AL CORRIENTE,12/04/2017,18/03/2017,499.99994,185.5246,29.68399,0,0,E,2017
40183,500,36,18.9,D2,PAGADO,AL CORRIENTE,06/04/2017,18/03/2017,500,65.1015,10.41622,0,0,D,2017
40580,250,36,18.9,D2,PAGADO,AL CORRIENTE,25/04/2017,18/03/2017,250,80.62763,12.90038,0,0,D,2017
40539,500,36,14.9,C1,PAGADO,AL CORRIENTE,10/04/2017,18/03/2017,500.00016,124.36239,19.89796,0.05742,0.00919,C,2017
39985,500,36,15.9,C2,PAGADO,EN MORA,19/04/2017,18/03/2017,500.00006,133.69433,21.3911,44.81612,7.17057,C,2017
38759,500,36,12.9,B2,PAGADO,AL CORRIENTE,06/04/2017,18/03/2017,500.00018,106.87588,17.10003,0,0,B,2017
40439,500,36,18.9,D2,PAGADO,AL CORRIENTE,25/04/2017,18/03/2017,499.99988,161.25502,25.80077,0,0,D,2017
41312,500,24,22.9,E3,PAGADO,AL CORRIENTE,07/04/2017,06/04/2017,500.0002,129.0057,20.64091,0,0,E,2017
41076,500,36,13.9,B3,PAGADO,AL CORRIENTE,10/04/2017,06/04/2017,500.00017,113.92596,18.22811,0,0,B,2017
41198,250,36,18.9,D2,LIBERADO,INCOBRABLE,26/04/2017,25/04/2017,104.77782,57.87588,9.26014,6.72517,1.07603,D,2017
42649,500,36,27.9,G2,CANCELADO,INCOBRABLE,03/05/2017,29/04/2017,418.0518,243.4274,38.94831,1.0231,0.16371,G,2017
40838,500,36,21.9,E2,PAGADO,AL CORRIENTE,03/05/2017,29/04/2017,500.00002,171.03884,27.36621,0,0,E,2017
40856,250,36,20.9,E1,LIBERADO,INCOBRABLE,09/05/2017,29/04/2017,0,0,0,0,0,E,2017
42126,250,36,15.9,C2,CANCELADO,EN MORA,,29/04/2017,0,0,0,0,0,C,1900
41270,500,36,18.9,D2,PAGADO,AL CORRIENTE,42859,29/04/2017,499.99998,161.25505,25.80077,0,0,D,2017
42714,500,36,22.9,E3,PAGADO,AL CORRIENTE,42866,09/05/2017,500,198.471,31.75535,0,0,E,2017
41343,500,36,18.9,D2,PAGADO,AL CORRIENTE,42867,09/05/2017,500.00015,148.56809,23.77084,0,0,D,2017
41534,500,36,24.9,F2,PAGADO,AL CORRIENTE,42871,09/05/2017,499.99974,218.55142,34.96819,0,0,F,2017
41349,500,36,25.9,F3,LIBERADO,INCOBRABLE,42870,09/05/2017,45.8655,60.2703,9.64328,1.239,0.1982,F,2017
41243,500,36,22.9,E3,LIBERADO,INCOBRABLE,42872,09/05/2017,188.0516,135.79517,21.72715,0.8939,0.143,E,2017
41197,500,36,26.9,G1,LIBERADO,INCOBRABLE,42865,09/05/2017,271.29932,204.413,32.70605,20.47756,3.27646,G,2017
41827,500,36,20.9,E1,PAGADO,AL CORRIENTE,42878,09/05/2017,500,41.8323,6.69315,0,0,E,2017
42804,500,24,19.9,D3,PAGADO,AL CORRIENTE,42867,09/05/2017,500.0005,108.44365,17.35095,0.1944,0.0311,D,2017
43154,500,36,10.9,A3,CANCELADO,AL CORRIENTE,,20/05/2017,0,0,0,0,0,A,1900
42756,500,36,18.9,D2,PAGADO,AL CORRIENTE,42878,20/05/2017,500.0001,58.5506,9.36822,0,0,D,2017
41389,500,36,13.9,B3,CANCELADO,AL CORRIENTE,,20/05/2017,0,0,0,0,0,B,1900
41713,500,36,20.9,E1,PAGADO,AL CORRIENTE,42881,20/05/2017,500.00017,179.7086,28.75335,0,0,E,2017
43120,500,36,27.9,G2,LIBERADO,INCOBRABLE,42879,20/05/2017,105.7948,117.1231,18.73966,1.0259,0.16416,G,2017
41868,500,36,17.9,D1,CANCELADO,AL CORRIENTE,,20/05/2017,0,0,0,0,0,D,1900
43102,500,36,27.9,G2,PAGADO,AL CORRIENTE,42879,20/05/2017,499.99985,248.25975,39.72154,0.00289,0.00046,G,2017
42088,250,36,20.9,E1,PAGADO,AL CORRIENTE,42895,04/06/2017,250,89.85398,14.37677,0.49407,0.07906,E,2017
42702,250,36,14.9,C1,PAGADO,AL CORRIENTE,42893,04/06/2017,250.00018,62.1813,9.94894,0,0,C,2017
43729,250,36,19.9,D3,CANCELADO,AL CORRIENTE,,04/06/2017,0,0,0,0,0,D,1900
42845,500,36,25.9,F3,LIBERADO,INCOBRABLE,42894,04/06/2017,132.112,123.9854,19.83768,0.7652,0.1224,F,2017
42899,500,36,23.9,F1,PAGADO,AL CORRIENTE,42891,04/06/2017,499.99996,197.73204,31.63713,0,0,F,2017
42897,250,36,21.9,E2,PAGADO,AL CORRIENTE,42902,04/06/2017,249.9999,45.2227,7.23559,0,0,E,2017
43098,500,36,24.9,F2,PAGADO,INCOBRABLE,42900,04/06/2017,362.16014,207.20532,33.1527,10.36466,1.65834,F,2017
43339,500,36,19.9,D3,PAGADO,EN MORA,42908,04/06/2017,500,169.95726,27.19324,10.39614,1.66338,D,2017
43394,250,36,16.9,C3,PAGADO,EN MORA,42893,04/06/2017,249.99986,71.08437,11.37345,1.14371,0.18304,C,2017
44353,500,24,18.9,D2,LIBERADO,INCOBRABLE,42899,11/06/2017,124.1028,54.6752,8.74809,3.1374,0.502,D,2017
44505,500,36,19.9,D3,LIBERADO,INCOBRABLE,42923,01/07/2017,349.80852,159.1195,25.45913,13.95075,2.23209,D,2017
43781,500,36,19.9,D3,LIBERADO,INCOBRABLE,42920,01/07/2017,236.68848,135.34197,21.6546,11.40013,1.82398,D,2017
43904,500,36,21.9,E2,CANCELADO,AL CORRIENTE,42926,01/07/2017,231.05726,145.57904,23.29261,1.42374,0.22779,E,2017
44268,500,36,25.9,F3,LIBERADO,INCOBRABLE,42934,11/07/2017,45.8657,60.5709,9.69129,2.0239,0.3238,F,2017
45730,500,24,18.9,D2,PAGADO,AL CORRIENTE,42949,30/07/2017,500.00013,105.43179,16.86909,0,0,D,2017
45984,250,24,21.9,E2,PAGADO,AL CORRIENTE,42950,30/07/2017,249.99991,60.26648,9.64267,0,0,E,2017
46460,250,36,16.9,C3,PAGADO,AL CORRIENTE,42964,14/08/2017,250.00007,66.65589,10.66493,0,0,C,2017
46246,500,36,18.9,D2,PAGADO,AL CORRIENTE,42965,14/08/2017,500,77.6561,12.42495,0,0,D,2017
47032,500,36,18.9,D2,PAGADO,AL CORRIENTE,42998,10/09/2017,499.99999,161.25492,25.80078,0,0,D,2017
47294,500,36,15.9,C2,CANCELADO,AL CORRIENTE,0000-00-00,10/09/2017,0,0,0,0,0,C,#VALUE!
47457,447.23,42,22.9,E3,,,42993,18/03/2017,0,0,0,0,0,E,2017
47437,500,24,17.9,D1,PAGADO,AL CORRIENTE,43007,28/09/2017,499.9999,28.2902,4.52644,0,0,D,2017
47661,250,36,22.9,E3,PAGADO,AL CORRIENTE,43011,28/09/2017,249.99994,99.23539,15.87763,0,0,E,2017
46875,250,36,23.9,F1,PAGADO,AL CORRIENTE,43007,28/09/2017,249.99999,97.38306,15.58133,0,0,F,2017
47033,250,36,13.9,B3,PAGADO,AL CORRIENTE,43007,28/09/2017,250.00017,57.55962,9.20949,0,0,B,2017
47476,500,36,18.9,D2,PAGADO,AL CORRIENTE,43014,02/10/2017,499.99995,160.37338,25.6597,3.83937,0.61433,D,2017
47763,500,36,13.9,B3,PAGADO,AL CORRIENTE,43020,02/10/2017,500.00019,95.2162,15.23452,0,0,B,2017
47197,500,36,21.9,E2,LIBERADO,INCOBRABLE,43013,02/10/2017,290.08104,163.65006,26.184,4.30412,0.68866,E,2017
47240,500,36,15.9,C2,PAGADO,AL CORRIENTE,43011,02/10/2017,500.00039,132.2816,21.16496,0,0,C,2017
47581,500,36,14.9,C1,PAGADO,AL CORRIENTE,43018,02/10/2017,499.99999,123.70842,19.79335,0.61269,0.09803,C,2017
47490,500,36,16.9,C3,PAGADO,AL CORRIENTE,43018,02/10/2017,499.99974,142.16873,22.747,0,0,C,2017
47953,500,24,12.9,B2,PAGADO,AL CORRIENTE,43025,14/10/2017,499.99993,65.2431,10.43894,0,0,B,2017
47846,250,36,24.9,F2,LIBERADO,INCOBRABLE,43024,14/10/2017,95.3049,77.3864,12.38187,8.11427,1.29837,F,2017
48170,250,24,19.9,D3,PAGADO,AL CORRIENTE,43024,14/10/2017,250.00002,55.48208,8.87707,0.08454,0.01353,D,2017
47774,250,36,17.9,D1,LIBERADO,INCOBRABLE,43025,14/10/2017,129.87144,62.39556,9.98327,0.88358,0.14137,D,2017
47667,500,36,13.9,B3,PAGADO,AL CORRIENTE,43027,14/10/2017,500.0002,95.21611,15.23454,0,0,B,2017
47839,250,36,21.9,E2,PAGADO,AL CORRIENTE,43028,14/10/2017,249.99988,94.77255,15.16362,0,0,E,2017
47863,500,36,16.9,C3,PAGADO,AL CORRIENTE,43028,14/10/2017,499.99964,142.16883,22.7471,0.13812,0.0221,C,2017
47882,250,36,19.9,D3,PAGADO,AL CORRIENTE,43035,14/10/2017,249.99994,84.97877,13.59657,0,0,D,2017
47711,250,36,13.9,B3,PAGADO,AL CORRIENTE,43028,14/10/2017,250.00026,57.55959,9.20954,0,0,B,2017
47701,250,36,22.9,E3,LIBERADO,INCOBRABLE,43045,14/10/2017,121.70661,78.68628,12.58983,0.02241,0.00359,E,2017
47749,250,36,15.9,C2,PAGADO,AL CORRIENTE,43039,14/10/2017,249.99981,65.67585,10.5081,0,0,C,2017
47814,250,36,18.9,D2,CANCELADO,AL CORRIENTE,43055,14/10/2017,25.763,18.9217,3.02747,0,0,D,2017
47840,250,36,20.9,E1,PAGADO,AL CORRIENTE,43038,14/10/2017,250.00014,91.05463,14.56868,0.89068,0.14247,E,2017
47905,250,36,20.9,E1,PAGADO,EN MORA,43040,14/10/2017,250.00025,91.22529,14.59604,0.44145,0.07063,E,2017
48065,250,36,19.9,D3,PAGADO,AL CORRIENTE,43025,14/10/2017,249.99995,84.97836,13.59654,0,0,D,2017
48084,250,36,16.9,C3,PAGADO,AL CORRIENTE,43026,14/10/2017,250.0001,28.9045,4.6247,0,0,C,2017
47621,250,36,22.9,E3,PAGADO,AL CORRIENTE,43027,14/10/2017,250.00006,67.57688,10.81231,0,0,E,2017
47703,250,36,24.9,F2,PAGADO,AL CORRIENTE,43024,14/10/2017,250.00038,70.68432,11.30937,1.0642,0.1703,F,2017
48010,250,24,15.9,C2,PAGADO,AL CORRIENTE,43026,14/10/2017,250.00018,39.4586,6.31334,0,0,C,2017
47957,500,36,16.9,C3,PAGADO,AL CORRIENTE,43033,21/10/2017,500.0002,63.44145,10.15064,0,0,C,2017
48031,250,36,17.9,D1,PAGADO,AL CORRIENTE,43031,21/10/2017,250.00045,71.07165,11.37137,0,0,D,2017
48016,250,36,19.9,D3,PAGADO,AL CORRIENTE,43045,21/10/2017,249.99992,63.17527,10.10798,0,0,D,2017
48202,500,24,15.9,C2,CANCELADO,AL CORRIENTE,0000-00-00,21/10/2017,0,0,0,0,0,C,#VALUE!
47769,500,36,14.9,C1,LIBERADO,INCOBRABLE,43042,21/10/2017,164.602,77.88439,12.4615,0.54736,0.08758,C,2017
47903,250,36,21.9,E2,PAGADO,AL CORRIENTE,43048,21/10/2017,249.99992,94.77269,15.16366,0.59164,0.0947,E,2017
48220,250,24,18.9,D2,PAGADO,AL CORRIENTE,43034,21/10/2017,249.99999,52.71569,8.43453,0.08152,0.01304,D,2017
48211,250,36,26.9,G1,PAGADO,AL CORRIENTE,43054,21/10/2017,250,32.1316,5.14105,0,0,G,2017
48299,250,36,18.9,D2,PAGADO,AL CORRIENTE,43032,21/10/2017,249.99992,80.47969,12.87674,0,0,D,2017
48321,250,36,23.9,F1,PAGADO,AL CORRIENTE,43055,21/10/2017,250.0001,104.23473,16.67747,0,0,F,2017
48264,250,36,27.9,G2,PAGADO,INCOBRABLE,43048,04/11/2017,31.8473,38.5879,6.1741,0.41699,0.06668,G,2017
48290,500,36,15.9,C2,PAGADO,AL CORRIENTE,43054,04/11/2017,499.99992,69.96878,11.19501,0,0,C,2017
48379,250,36,24.9,F2,CANCELADO,INCOBRABLE,43074,04/11/2017,134.00783,91.66166,14.66585,29.58987,4.73439,F,2017
48387,250,36,19.9,D3,LIBERADO,INCOBRABLE,43069,04/11/2017,162.65964,76.80122,12.28813,0.0613,0.0098,D,2017
48506,250,36,22.9,E3,LIBERADO,INCOBRABLE,43056,04/11/2017,4.617,4.7629,0.7621,0,0,E,2017
48531,250,36,20.9,E1,PAGADO,AL CORRIENTE,43047,04/11/2017,250.00046,89.8545,14.37663,0,0,E,2017
48630,500,36,16.9,C3,PAGADO,AL CORRIENTE,43049,04/11/2017,499.99994,142.16908,22.747,0,0,C,2017
48691,250,36,20.9,E1,PAGADO,AL CORRIENTE,43054,04/11/2017,250,20.9161,3.34663,0.0873,0.014,E,2017
48780,250,36,24.9,F2,PAGADO,AL CORRIENTE,43067,04/11/2017,250.00008,103.6027,16.57648,0,0,F,2017
48637,250,36,22.9,E3,PAGADO,AL CORRIENTE,43062,11/11/2017,250.00006,43.42856,6.94855,0,0,E,2017
48681,500,36,16.9,C3,PAGADO,AL CORRIENTE,43083,11/11/2017,500.0001,57.80908,9.24942,0,0,C,2017
48702,250,36,27.9,G2,LIBERADO,INCOBRABLE,43077,11/11/2017,17.4685,22.6795,3.62873,0,0,G,2017
48715,250,36,19.9,D3,PAGADO,AL CORRIENTE,43068,11/11/2017,250.00001,84.97891,13.59655,0,0,D,2017
48738,250,36,20.9,E1,CANCELADO,AL CORRIENTE,43096,11/11/2017,131.04518,73.64597,11.78333,0.08119,0.01299,E,2017
48772,250,36,21.9,E2,PAGADO,AL CORRIENTE,43052,11/11/2017,249.99969,94.77251,15.16361,0.8185,0.13096,E,2017
48818,250,36,18.9,D2,PAGADO,AL CORRIENTE,43066,11/11/2017,250.00015,78.46243,12.55401,0,0,D,2017
49048,250,36,21.9,E2,PAGADO,AL CORRIENTE,43062,11/11/2017,249.99983,94.77246,15.16363,0,0,E,2017
48923,250,36,28.9,G3,PAGADO,AL CORRIENTE,43056,11/11/2017,250,78.41925,12.54705,0,0,G,2017
48966,250,36,25.9,F3,PAGADO,AL CORRIENTE,43052,11/11/2017,249.99999,49.35334,7.89652,0,0,F,2017
48898,500,36,22.9,E3,PAGADO,AL CORRIENTE,43077,12/11/2017,499.99992,198.47096,31.75537,0,0,E,2017
48901,500,24,14.9,C1,PAGADO,AL CORRIENTE,43070,12/11/2017,500.00032,81.83041,13.0928,0,0,C,2017
48945,500,36,15.9,C2,CANCELADO,INCOBRABLE,43075,12/11/2017,405.49492,130.19708,20.83149,33.89985,5.42397,C,2017
49038,250,36,22.9,E3,LIBERADO,INCOBRABLE,43082,20/11/2017,39.9232,39.2054,6.27287,2.53869,0.40624,E,2017
49075,500,36,18.9,D2,PAGADO,AL CORRIENTE,43060,20/11/2017,499.99994,161.25483,25.80076,0,0,D,2017
49080,500,36,9.9,A2,PAGADO,AL CORRIENTE,43074,20/11/2017,500.0001,8.1791,1.30866,0,0,A,2017
49097,500,24,18.9,D2,PAGADO,AL CORRIENTE,43063,20/11/2017,500.00045,105.4322,16.86908,0.0032,0.00051,D,2017
49154,250,36,26.9,G1,PAGADO,INCOBRABLE,43061,20/11/2017,132.38956,99.57022,15.9313,3.12669,0.50029,G,2017
49230,500,36,12.9,B2,PAGADO,AL CORRIENTE,43066,20/11/2017,500.00009,105.77828,16.92449,0,0,B,2017
48067,250,36,20.9,E1,PAGADO,AL CORRIENTE,43105,20/11/2017,250,16.9066,2.70505,0,0,E,2018
48885,250,36,21.9,E2,LIBERADO,INCOBRABLE,43103,20/11/2017,51.7273,41.59906,6.65592,0.1751,0.028,E,2018
49046,250,24,22.9,E3,PAGADO,AL CORRIENTE,43068,20/11/2017,249.99988,64.50259,10.32043,0,0,E,2017
49087,250,36,23.9,F1,LIBERADO,INCOBRABLE,43069,20/11/2017,99.66403,73.95905,11.83339,0,0,F,2017
49129,500,36,18.9,D2,LIBERADO,INCOBRABLE,43066,20/11/2017,107.9426,71.47099,11.43535,0,0,D,2017
49196,250,36,22.9,E3,LIBERADO,INCOBRABLE,43090,20/11/2017,14.1595,14.0229,2.2437,0.5804,0.0928,E,2017
49226,500,36,13.9,B3,PAGADO,AL CORRIENTE,43066,20/11/2017,500.00006,113.13916,18.10226,0,0,B,2017
48681,250,36,16.9,C3,PAGADO,AL CORRIENTE,43083,11/12/2017,250,28.90439,4.62471,0,0,C,2017
48738,250,36,20.9,E1,CANCELADO,AL CORRIENTE,43096,11/12/2017,131.04518,73.64597,11.78333,0.08119,0.01299,E,2017
49350,250,36,24.9,F2,PAGADO,AL CORRIENTE,43090,11/12/2017,250.00029,104.98811,16.7981,0.10695,0.01711,F,2017
49378,250,36,24.9,F2,PAGADO,AL CORRIENTE,43087,11/12/2017,250.00035,109.27583,17.48414,0.76312,0.12213,F,2017
49421,250,36,17.9,D1,PAGADO,AL CORRIENTE,43095,11/12/2017,250.00002,69.91368,11.18617,0.26645,0.04263,D,2017
49665,250,24,16.9,C3,PAGADO,AL CORRIENTE,43083,11/12/2017,250.00007,46.62666,7.46019,0.10317,0.01651,C,2017
49898,250,36,13.9,B3,PAGADO,AL CORRIENTE,43087,11/12/2017,250.0003,32.38383,5.18139,0,0,B,2017
49490,250,36,20.9,E1,LIBERADO,INCOBRABLE,43116,06/01/2018,35.6299,31.29267,5.00688,5.94133,0.95057,E,2018
49707,250,36,24.9,F2,LIBERADO,INCOBRABLE,43122,06/01/2018,70.00578,63.45462,10.15283,12.08843,1.93421,F,2018
49722,250,36,20.9,E1,LIBERADO,INCOBRABLE,43125,06/01/2018,70.4017,49.58171,7.93315,0,0,E,2018
49826,250,36,25.9,F3,LIBERADO,INCOBRABLE,43112,06/01/2018,118.59789,90.0199,14.40318,0.29128,0.0466,F,2018
49854,250,36,16.9,C3,CANCELADO,AL CORRIENTE,0000-00-00,06/01/2018,0,0,0,0,0,C,#VALUE!
49864,250,36,18.9,D2,PAGADO,AL CORRIENTE,43111,06/01/2018,250.00002,80.18663,12.82988,0,0,D,2018
49884,250,36,18.9,D2,PAGADO,AL CORRIENTE,43111,06/01/2018,250,80.62746,12.90042,0.87628,0.14021,D,2018
49955,250,36,26.9,G1,PAGADO,AL CORRIENTE,43109,06/01/2018,249.99999,118.9687,19.03493,0,0,G,2018
49751,250,36,20.9,E1,CANCELADO,AL CORRIENTE,0000-00-00,25/01/2018,0,0,0,0,0,E,#VALUE!
50803,250,36,17.9,D1,PAGADO,AL CORRIENTE,43138,25/01/2018,250.00016,74.48124,11.91698,0,0,D,2018
50990,250,36,21.9,E2,LIBERADO,INCOBRABLE,43131,25/01/2018,51.7272,44.37873,7.10056,0.7479,0.1197,E,2018
51127,250,36,18.9,D2,LIBERADO,INCOBRABLE,43146,25/01/2018,91.37703,52.84656,8.45543,0,0,D,2018
51256,250,36,27.9,G2,LIBERADO,INCOBRABLE,43146,25/01/2018,11.4255,17.16157,2.74584,0.7737,0.1238,G,2018
50599,500,36,15.9,C2,CANCELADO,AL CORRIENTE,43143,25/01/2018,396.47032,128.82252,20.6116,0.16776,0.02684,C,2018
50837,500,36,15.9,C2,PAGADO,AL CORRIENTE,43132,25/01/2018,500.00019,121.18709,19.38984,0,0,C,2018
51112,500,36,15.9,C2,PAGADO,AL CORRIENTE,43168,25/01/2018,499.9999,103.66638,16.58662,0,0,C,2018
51388,500,24,12.9,B2,PAGADO,AL CORRIENTE,43133,25/01/2018,500.00017,69.01627,11.04259,0,0,B,2018
50404,250,36,26.9,G1,PAGADO,AL CORRIENTE,43151,17/02/2018,250.00002,55.93079,8.94894,0,0,G,2018
50556,250,36,20.9,E1,CANCELADO,AL CORRIENTE,0000-00-00,17/02/2018,0,0,0,0,0,E,#VALUE!
51432,250,36,20.9,E1,PAGADO,AL CORRIENTE,43151,17/02/2018,250.00015,86.44127,13.83058,0,0,E,2018
51776,250,36,20.9,E1,CANCELADO,INCOBRABLE,43157,17/02/2018,160.95272,81.14417,12.98304,15.83918,2.53428,E,2018
51194,250,36,17.9,D1,PAGADO,EN MORA,43151,17/02/2018,250.00011,75.83427,12.13351,0.39538,0.0633,D,2018
51163,250,36,16.9,C3,PAGADO,AL CORRIENTE,43159,17/02/2018,250.00009,69.20972,11.07354,0,0,C,2018
51489,250,36,14.9,C1,PAGADO,AL CORRIENTE,43180,17/02/2018,250.00013,62.18118,9.94897,0,0,C,2018
51594,250,36,16.9,C3,PAGADO,AL CORRIENTE,43175,17/02/2018,250.00011,71.08452,11.3735,0,0,C,2018
52312,250,36,17.9,D1,PAGADO,AL CORRIENTE,43157,17/02/2018,250.00013,75.69647,12.11146,0.15724,0.02516,D,2018
53462,376.76,36,16.9,C3,PAGADO,AL CORRIENTE,43161,18/03/2017,376.7599,80.0591,12.80944,0,0,C,2018
51645,500,36,16.9,C3,PAGADO,AL CORRIENTE,43174,03/03/2018,500.00023,139.65597,22.3449,0,0,C,2018
52175,500,36,16.9,C3,PAGADO,AL CORRIENTE,43199,03/03/2018,500.00006,46.05186,7.36828,0,0,C,2018
53010,500,36,14.9,C1,PAGADO,AL CORRIENTE,43164,03/03/2018,500.00015,124.3623,19.8979,0,0,C,2018
54629,359.2,36,20.9,E1,PAGADO,INCOBRABLE,43181,03/02/2017,359.19986,129.10239,20.65647,28.09123,4.49462,E,2018
51768,250,36,19.9,D3,PAGADO,AL CORRIENTE,43196,25/03/2018,249.99996,82.67817,13.22852,0,0,D,2018
52322,250,36,17.9,D1,LIBERADO,INCOBRABLE,43201,25/03/2018,105.85565,54.44078,8.7105,0.42135,0.06742,D,2018
52326,250,36,18.9,D2,PAGADO,AL CORRIENTE,43201,25/03/2018,250.00003,80.62746,12.90041,0,0,D,2018
51967,250,36,19.9,D3,PAGADO,AL CORRIENTE,43193,25/03/2018,250.00003,83.43566,13.34967,0,0,D,2018
52185,250,36,19.9,D3,LIBERADO,INCOBRABLE,43208,25/03/2018,90.44561,55.583,8.89332,0,0,D,2018
53034,250,36,19.9,D3,PAGADO,AL CORRIENTE,43214,25/03/2018,249.9999,30.7516,4.92025,0,0,D,2018
54135,500,24,18.9,D2,PAGADO,INCOBRABLE,43194,25/03/2018,495.18821,105.43187,16.86911,4.47993,0.71678,D,2018
54350,250,24,19.9,D3,PAGADO,AL CORRIENTE,43209,12/04/2018,250,11.9991,1.91985,0,0,D,2018
54643,250,36,18.9,D2,PAGADO,AL CORRIENTE,43207,12/04/2018,250.00006,50.2413,8.03863,0,0,D,2018
54669,250,36,19.9,D3,PAGADO,AL CORRIENTE,43215,12/04/2018,249.99992,83.43565,13.34967,0,0,D,2018
55055,250,36,18.9,D2,PAGADO,AL CORRIENTE,43245,12/04/2018,249.99994,18.92169,3.02745,0,0,D,2018
55312,250,36,19.9,D3,PAGADO,AL CORRIENTE,43208,12/04/2018,250.00006,69.74274,11.1588,0,0,D,2018
55597,250,36,18.9,D2,PAGADO,AL CORRIENTE,43250,12/04/2018,249.99996,80.18661,12.82988,0,0,D,2018
55574,250,36,19.9,D3,PAGADO,AL CORRIENTE,43210,12/04/2018,249.9998,49.98062,7.99696,0,0,D,2018
56300,224.24,50,18.9,D2,PAGADO,AL CORRIENTE,43213,14/10/2017,224.23971,91.60456,14.65682,0.0816,0.0131,D,2018
56548,250,36,12.9,B2,PAGADO,AL CORRIENTE,43235,12/05/2018,249.99981,52.07711,8.33232,0,0,B,2018
56812,250,36,15.9,C2,PAGADO,AL CORRIENTE,43270,12/05/2018,249.99995,66.84736,10.69557,0,0,C,2018
57152,250,36,14.9,C1,PAGADO,AL CORRIENTE,43269,12/05/2018,250.00007,27.92945,4.46869,0,0,C,2018
56734,250,36,14.9,C1,PAGADO,AL CORRIENTE,43234,12/05/2018,250.00014,57.43571,9.18967,0,0,C,2018
57227,250,24,16.9,C3,PAGADO,AL CORRIENTE,43252,12/05/2018,250.00006,31.66389,5.06619,0,0,C,2018
55637,250,36,17.9,D1,LIBERADO,INCOBRABLE,43244,12/05/2018,134.15697,62.3957,9.9833,0,0,D,2018
55867,250,36,21.9,E2,PAGADO,AL CORRIENTE,43235,12/05/2018,249.99979,85.51948,13.68308,0,0,E,2018
56013,250,36,26.9,G1,CANCELADO,AL CORRIENTE,0000-00-00,12/05/2018,0,0,0,0,0,G,#VALUE!
56760,250,36,12.9,B2,PAGADO,AL CORRIENTE,43237,12/05/2018,249.99981,52.8892,8.46226,0,0,B,2018
57338,500,36,18.9,D2,PAGADO,AL CORRIENTE,43235,12/05/2018,500.00012,161.25492,25.80081,0,0,D,2018
56018,250,36,16.9,C3,PAGADO,AL CORRIENTE,43265,12/05/2018,250.00008,37.09997,5.936,0,0,C,2018
56802,250,36,17.9,D1,PAGADO,AL CORRIENTE,43269,12/05/2018,250.00015,75.83423,12.13348,0.0862,0.01379,D,2018
57269,250,36,18.9,D2,PAGADO,AL CORRIENTE,43249,12/05/2018,250.00009,80.62752,12.90042,0,0,D,2018
57336,250,36,17.9,D1,CANCELADO,AL CORRIENTE,0000-00-00,12/05/2018,0,0,0,0,0,D,#VALUE!
56018,250,36,16.9,C3,PAGADO,AL CORRIENTE,43265,06/06/2018,250.00008,37.09997,5.936,0,0,C,2018
57152,250,36,14.9,C1,PAGADO,AL CORRIENTE,43269,06/06/2018,250.00007,27.92945,4.46869,0,0,C,2018
57710,250,36,13.9,B3,PAGADO,AL CORRIENTE,43273,06/06/2018,249.99991,53.20133,8.51219,0,0,B,2018
57917,250,36,17.9,D1,PAGADO,AL CORRIENTE,43263,06/06/2018,250.00015,75.83426,12.13347,0,0,D,2018
57923,250,24,16.9,C3,PAGADO,AL CORRIENTE,43262,06/06/2018,250.0002,46.62655,7.46023,0,0,C,2018
58080,250,36,16.9,C3,PAGADO,AL CORRIENTE,43259,06/06/2018,250.00003,68.47359,10.95577,0,0,C,2018
57257,250,36,19.9,D3,LIBERADO,INCOBRABLE,43276,11/06/2018,4.8826,4.13793,0.6621,7.6088,1.2175,D,2018
57397,250,36,15.9,C2,PAGADO,AL CORRIENTE,43285,11/06/2018,249.98451,66.7284,10.67653,0,0,C,2018
58317,250,36,14.9,C1,PAGADO,AL CORRIENTE,43265,11/06/2018,250.00005,62.1812,9.949,0.06959,0.01113,C,2018
58536,250,36,14.9,C1,PAGADO,AL CORRIENTE,43266,11/06/2018,250.00003,49.87255,7.97959,0,0,C,2018
59127,250,36,14.9,C1,LIBERADO,INCOBRABLE,43266,11/06/2018,169.85838,57.43537,9.18959,21.66196,3.46594,C,2018
58087,250,36,15.9,C2,PAGADO,AL CORRIENTE,43293,05/07/2018,249.99991,51.83333,8.29333,0.00101,0.00016,C,2018
58396,250,36,19.9,D3,PAGADO,AL CORRIENTE,43299,05/07/2018,249.9999,84.97864,13.59657,0,0,D,2018
58711,250,36,14.9,C1,PAGADO,AL CORRIENTE,43298,05/07/2018,250.0001,62.18131,9.94896,0,0,C,2018
58801,500,24,13.9,B3,PAGADO,AL CORRIENTE,43291,05/07/2018,499.99995,75.87608,12.14018,0,0,B,2018
58973,250,36,12.9,B2,PAGADO,AL CORRIENTE,43287,05/07/2018,249.99981,51.54028,8.24647,0,0,B,2018
60003,500,36,13.9,B3,PAGADO,AL CORRIENTE,43297,05/07/2018,500.00011,115.11891,18.41902,0.09047,0.01448,B,2018
60182,250,24,19.9,D3,PAGADO,AL CORRIENTE,43293,05/07/2018,249.99995,55.48188,8.87712,1.55278,0.24845,D,2018
60112,500,36,14.9,C1,CANCELADO,AL CORRIENTE,0000-00-00,27/07/2018,0,0,0,0,0,C,#VALUE!
60587,500,36,16.9,C3,CANCELADO,INCOBRABLE,43318,27/07/2018,253.43526,113.70322,18.19249,14.3169,2.2907,C,2018
61145,500,36,15.9,C2,PAGADO,AL CORRIENTE,43328,27/07/2018,500.00003,118.75939,19.00153,0,0,C,2018
61541,500,36,16.9,C3,PAGADO,AL CORRIENTE,43335,27/07/2018,500.00009,110.07358,17.61176,0,0,C,2018
61737,250,36,13.9,B3,PAGADO,AL CORRIENTE,43315,27/07/2018,250.00013,56.56968,9.05113,0,0,B,2018
61845,500,36,13.9,B3,PAGADO,AL CORRIENTE,43321,27/07/2018,500.00015,42.5859,6.81373,0,0,B,2018
55069,250,36,19.9,D3,PAGADO,AL CORRIENTE,43346,11/08/2018,249.99995,63.17508,10.10798,0,0,D,2018
61021,250,36,19.9,D3,PAGADO,AL CORRIENTE,43341,11/08/2018,249.99998,84.97864,13.59657,0,0,D,2018
61047,250,24,19.9,D3,PAGADO,AL CORRIENTE,43333,11/08/2018,249.99993,55.48186,8.87711,0,0,D,2018
61974,250,36,19.9,D3,PAGADO,AL CORRIENTE,43356,11/08/2018,249.99992,49.98096,7.99695,0.3183,0.05089,D,2018
62211,250,24,14.9,C1,PAGADO,AL CORRIENTE,43328,11/08/2018,249.99985,40.91521,6.54637,0.19477,0.03116,C,2018
62263,250,36,19.9,D3,PAGADO,AL CORRIENTE,43355,11/08/2018,249.99996,84.97846,13.59659,0,0,D,2018
62535,250,24,18.9,D2,PAGADO,AL CORRIENTE,43333,11/08/2018,250.00012,52.71581,8.43456,0,0,D,2018
62552,250,36,15.9,C2,PAGADO,AL CORRIENTE,43363,11/08/2018,249.99994,66.84729,10.69557,0,0,C,2018
55069,250,36,19.9,D3,PAGADO,AL CORRIENTE,43346,28/08/2018,249.99995,63.17508,10.10798,0,0,D,2018
62263,500,36,19.9,D3,PAGADO,AL CORRIENTE,43355,28/08/2018,500.00007,169.95722,27.19318,0,0,D,2018
62705,250,36,17.9,D1,PAGADO,AL CORRIENTE,43354,28/08/2018,250,75.83418,12.13346,0,0,D,2018
62726,250,36,15.9,C2,PAGADO,AL CORRIENTE,43361,28/08/2018,249.99994,39.71732,6.35478,0,0,C,2018
63378,250,36,14.9,C1,PAGADO,AL CORRIENTE,43349,28/08/2018,250.00009,61.10163,9.77625,0,0,C,2018
62384,250,36,19.9,D3,PAGADO,AL CORRIENTE,43364,09/09/2018,249.99992,81.77814,13.0845,0,0,D,2018
64473,250,36,17.9,D1,PAGADO,AL CORRIENTE,43353,09/09/2018,250.00007,71.07136,11.37142,0,0,D,2018
62909,500,36,23.9,F1,PAGADO,AL CORRIENTE,43362,09/09/2018,500.00003,19.73345,3.15735,0,0,F,2018
64431,500,24,20.9,E1,PAGADO,AL CORRIENTE,43357,09/09/2018,499.99995,25.2584,4.04134,0,0,E,2018
64107,250,36,16.9,C3,LIBERADO,INCOBRABLE,43382,06/10/2018,164.6809,64.38897,10.30225,21.02799,3.36443,C,2018
64394,250,36,16.9,C3,LIBERADO,INCOBRABLE,43404,06/10/2018,93.46196,46.80779,7.48926,0,0,C,2018
64555,250,36,19.9,D3,CANCELADO,AL CORRIENTE,0000-00-00,06/10/2018,0,0,0,0,0,D,#VALUE!
65249,250,36,15.9,C2,CANCELADO,AL CORRIENTE,43413,06/10/2018,10.5776,6.56829,1.05094,0.0718,0.01148,C,2018
65377,250,24,15.9,C2,PAGADO,AL CORRIENTE,43403,06/10/2018,249.99998,43.9121,7.02595,0,0,C,2018
65825,250,36,18.9,D2,PAGADO,AL CORRIENTE,43424,06/10/2018,249.99995,47.53497,7.60561,0,0,D,2018
65896,500,24,18.9,D2,PAGADO,AL CORRIENTE,43412,06/10/2018,499.99996,105.43174,16.86909,0,0,D,2018
66043,250,36,15.9,C2,PAGADO,AL CORRIENTE,43405,06/10/2018,249.99996,46.17565,7.38813,0,0,C,2018
66220,500,24,16.9,C3,PAGADO,AL CORRIENTE,43383,06/10/2018,499.99976,92.90256,14.86443,0,0,C,2018
66279,250,36,17.9,D1,PAGADO,AL CORRIENTE,43381,06/10/2018,250.00025,72.109,11.5374,0.491,0.07856,D,2018
64795,250,24,15.9,C2,PAGADO,AL CORRIENTE,43396,20/10/2018,250.00001,43.9121,7.02595,0,0,C,2018
65023,250,36,15.9,C2,PAGADO,AL CORRIENTE,43409,20/10/2018,249.99996,48.15236,7.70438,0,0,C,2018
66657,250,36,12.9,B2,PAGADO,AL CORRIENTE,43412,20/10/2018,249.99993,53.43803,8.55008,0,0,B,2018
66758,250,36,14.9,C1,PAGADO,AL CORRIENTE,43420,20/10/2018,250.00004,22.91425,3.66627,0,0,C,2018
66804,250,36,15.9,C2,PAGADO,EN MORA,43403,20/10/2018,249.9998,66.84716,10.69556,1.21816,0.19492,C,2018
66925,250,36,18.9,D2,PAGADO,AL CORRIENTE,43439,20/10/2018,249.99994,76.63355,12.2614,0,0,D,2018
67066,250,36,19.9,D3,CANCELADO,AL CORRIENTE,43398,20/10/2018,97.06496,58.22418,9.31585,0,0,D,2018
67152,250,24,19.9,D3,PAGADO,AL CORRIENTE,43397,20/10/2018,250.00002,49.7451,7.95923,0,0,D,2018
67622,250,36,19.9,D3,PAGADO,INCOBRABLE,43416,07/11/2018,59.17391,40.80608,6.529,0,0,D,2018
65261,250,36,18.9,D2,PAGADO,AL CORRIENTE,43416,07/11/2018,250.00003,80.62749,12.90041,0,0,D,2018
67336,500,36,16.9,C3,PAGADO,AL CORRIENTE,43416,07/11/2018,500.00013,142.16904,22.74701,0,0,C,2018
67351,250,36,16.9,C3,PAGADO,AL CORRIENTE,43416,07/11/2018,250.00015,60.17855,9.62858,0,0,C,2018
67480,500,36,17.9,D1,LIBERADO,INCOBRABLE,43418,07/11/2018,52.4124,35.74807,5.71966,0,0,D,2018
67635,500,36,12.9,B2,PAGADO,AL CORRIENTE,43412,07/11/2018,500.00023,60.28736,9.64598,0,0,B,2018
68521,500,36,11.9,B1,PAGADO,AL CORRIENTE,43427,18/11/2018,500.00002,28.03652,4.48583,0,0,B,2018
67783,500,36,18.9,D2,CANCELADO,INCOBRABLE,43438,02/12/2018,209.02925,115.49336,18.47893,12.84529,2.05525,D,2018
69307,500,36,12.9,B2,PAGADO,AL CORRIENTE,43439,02/12/2018,500.00014,56.43527,9.02965,0,0,B,2018
69508,250,36,17.9,D1,PAGADO,AL CORRIENTE,43437,02/12/2018,250.00011,64.12349,10.25975,0,0,D,2018
69543,250,36,16.9,C3,PAGADO,AL CORRIENTE,43453,02/12/2018,249.99998,37.09989,5.936,0,0,C,2018
69580,500,36,12.9,B2,PAGADO,AL CORRIENTE,43440,02/12/2018,500.0001,106.87581,17.10013,0,0,B,2018
69404,250,36,21.9,E2,PAGADO,AL CORRIENTE,43447,09/12/2018,249.99991,94.77259,15.16363,0.13567,0.0217,E,2018
69416,250,36,18.9,D2,PAGADO,AL CORRIENTE,43461,09/12/2018,249.99991,80.62747,12.90041,0,0,D,2018
69488,500,36,18.9,D2,CANCELADO,AL CORRIENTE,0000-00-00,09/12/2018,0,0,0,0,0,D,#VALUE!
69772,500,36,18.9,D2,PAGADO,AL CORRIENTE,43451,09/12/2018,500.00003,77.65595,12.42494,0,0,D,2018
70570,239.422,2,15.9,C2,CANCELADO,AL CORRIENTE,43455,06/10/2018,118.7963,3.1785,0.50856,0,0,C,2018
70579,120.626,36,15.9,C2,PAGADO,AL CORRIENTE,43455,06/10/2018,120.62604,22.27997,3.56476,0,0,C,2018
69677,250,36,17.9,D1,PAGADO,AL CORRIENTE,43481,05/01/2019,250,75.83413,12.13353,0,0,D,2019
69993,500,36,18.9,D2,PAGADO,AL CORRIENTE,43476,05/01/2019,500.00004,132.50188,21.20029,0.11612,0.01858,D,2019
70150,500,36,15.9,C2,PAGADO,AL CORRIENTE,43479,05/01/2019,499.99996,133.69442,21.39111,0,0,C,2019
70728,250,36,19.9,D3,PAGADO,AL CORRIENTE,43473,05/01/2019,250.00003,49.98081,7.99695,0,0,D,2019
70975,500,36,14.9,C1,PAGADO,AL CORRIENTE,43474,05/01/2019,500.00001,78.2528,12.52046,0,0,C,2019
71102,500,36,17.9,D1,PAGADO,AL CORRIENTE,43479,05/01/2019,500.00011,94.74394,15.15902,0,0,D,2019
70674,250,36,18.9,D2,PAGADO,AL CORRIENTE,43521,27/01/2019,249.99996,18.92173,3.02749,0,0,D,2019
71062,500,36,14.9,C1,PAGADO,AL CORRIENTE,43494,27/01/2019,500,96.59038,15.45447,0,0,C,2019
71666,500,24,16.9,C3,CANCELADO,AL CORRIENTE,0000-00-00,27/01/2019,0,0,0,0,0,C,#VALUE!
71794,500,24,16.9,C3,PAGADO,AL CORRIENTE,43495,27/01/2019,500,92.90254,14.86442,0.14925,0.02388,C,2019
72046,250,36,22.9,E3,LIBERADO,INCOBRABLE,43501,02/02/2019,63.96225,54.46913,8.71506,1.01833,0.16293,E,2019
72079,500,36,14.9,C1,LIBERADO,INCOBRABLE,43515,02/02/2019,114.16522,55.85858,8.93738,0,0,C,2019
72112,500,36,13.9,B3,PAGADO,AL CORRIENTE,43502,02/02/2019,500.00008,108.11568,17.29852,0,0,B,2019
72247,500,24,15.9,C2,PAGADO,AL CORRIENTE,43501,02/02/2019,500.00003,87.82411,14.05185,0,0,C,2019
72329,500,36,14.9,C1,PAGADO,AL CORRIENTE,43509,02/02/2019,499.99998,65.28471,10.44557,0,0,C,2019
72338,500,24,21.9,E2,PAGADO,AL CORRIENTE,43503,02/02/2019,500.00005,123.37125,19.73938,0,0,E,2019
72464,500,36,12.9,B2,PAGADO,AL CORRIENTE,43529,18/02/2019,500.00002,106.87572,17.10014,0,0,B,2019
72617,250,36,17.9,D1,CANCELADO,AL CORRIENTE,43536,18/02/2019,66.8835,39.45896,6.31343,0,0,D,2019
72780,500,36,18.9,D2,PAGADO,AL CORRIENTE,43528,18/02/2019,500.00004,161.25498,25.80081,0,0,D,2019
72809,500,36,12.9,B2,PAGADO,AL CORRIENTE,43515,18/02/2019,499.99981,106.87581,17.10012,0,0,B,2019
72883,250,36,17.9,D1,LIBERADO,INCOBRABLE,43556,28/02/2019,195.6123,73.02448,11.68393,8.47156,1.35546,D,2019
73141,500,24,15.9,C2,PAGADO,AL CORRIENTE,43525,28/02/2019,500.0001,87.82412,14.05185,0,0,C,2019
73143,250,36,19.9,D3,PAGADO,AL CORRIENTE,43528,28/02/2019,249.99994,75.22524,12.03606,0,0,D,2019
73195,250,24,17.9,D1,PAGADO,AL CORRIENTE,43538,28/02/2019,250.00002,33.67299,5.38768,0,0,D,2019
73412,250,36,22.9,E3,PAGADO,AL CORRIENTE,43529,28/02/2019,249.99997,99.23546,15.87769,0,0,E,2019
73427,250,36,23.9,F1,LIBERADO,INCOBRABLE,43530,28/02/2019,39.29299,37.18278,5.94921,0.09943,0.01591,F,2019
73294,250,36,17.9,D1,CANCELADO,AL CORRIENTE,0000-00-00,23/03/2019,0,0,0,0,0,D,#VALUE!
74267,500,36,15.9,C2,PAGADO,AL CORRIENTE,43549,23/03/2019,499.99994,64.98753,10.39799,0,0,C,2019
74627,500,36,11.9,B1,LIBERADO,INCOBRABLE,43548,23/03/2019,157.20101,55.33022,8.85285,42.54023,6.8064,B,2019
74865,268.942,36,21.9,E2,PAGADO,AL CORRIENTE,43550,01/07/2017,268.94202,101.85892,16.29743,0.56424,0.09028,E,2019
73949,500,36,19.9,D3,PAGADO,AL CORRIENTE,43556,31/03/2019,499.99999,111.16648,17.78664,0,0,D,2019
74797,500,36,17.9,D1,PAGADO,AL CORRIENTE,43557,31/03/2019,500.00004,124.79126,19.96658,0,0,D,2019
74948,500,36,17.9,D1,PAGADO,AL CORRIENTE,43557,31/03/2019,500.00005,151.66805,24.26689,0,0,D,2019
74958,1000,36,14.9,C1,PAGADO,AL CORRIENTE,43556,31/03/2019,1000.00008,236.80253,37.88842,0,0,C,2019
74815,500,24,15.9,C2,PAGADO,AL CORRIENTE,43572,13/04/2019,500.00007,87.82416,14.05187,0,0,C,2019
75294,250,36,18.9,D2,PAGADO,AL CORRIENTE,43593,13/04/2019,250,64.2918,10.28671,0,0,D,2019
75312,500,36,19.9,D3,LIBERADO,INCOBRABLE,43570,13/04/2019,122.64568,87.92946,14.06873,5.01339,0.80214,D,2019
75561,500,36,16.9,C3,PAGADO,AL CORRIENTE,43573,13/04/2019,499.99993,142.16889,22.74704,0,0,C,2019
75680,500,36,17.9,D1,PAGADO,AL CORRIENTE,43585,13/04/2019,499.99994,78.91792,12.62686,0,0,D,2019
75714,250,36,18.9,D2,LIBERADO,INCOBRABLE,43571,13/04/2019,72.16559,44.72948,7.15673,3.13638,0.50181,D,2019
75674,250,36,20.9,E1,LIBERADO,INCOBRABLE,43587,02/05/2019,151.2889,79.46916,12.71504,0.22138,0.03542,E,2019
75872,500,24,18.9,D2,PAGADO,AL CORRIENTE,43595,02/05/2019,499.99995,105.4317,16.86908,0,0,D,2019
76310,500,36,17.9,D1,LIBERADO,INCOBRABLE,43599,02/05/2019,410.80234,147.63188,23.62109,0,0,D,2019
76607,500,24,19.9,D3,PAGADO,AL CORRIENTE,43593,02/05/2019,500.00006,110.96383,17.75419,0,0,D,2019
76665,500,36,16.9,C3,PAGADO,AL CORRIENTE,43588,02/05/2019,500.00015,142.16899,22.74703,0,0,C,2019
76850,500,36,16.9,C3,PAGADO,AL CORRIENTE,43609,18/05/2019,500,117.13194,18.74112,0,0,C,2019
77126,500,36,16.9,C3,PAGADO,AL CORRIENTE,43606,18/05/2019,500.00001,142.16886,22.74701,0,0,C,2019
77549,500,36,17.9,D1,PAGADO,AL CORRIENTE,43606,18/05/2019,500.00015,134.4927,21.51882,0,0,D,2019
77601,500,36,18.9,D2,LIBERADO,INCOBRABLE,43634,18/05/2019,131.98088,83.65314,13.3845,0,0,D,2019
77392,500,24,18.9,D2,CANCELADO,AL CORRIENTE,0000-00-00,29/05/2019,0,0,0,0,0,D,#VALUE!
77426,250,36,18.9,D2,PAGADO,AL CORRIENTE,43617,29/05/2019,250.00001,32.5507,5.20814,0,0,D,2019
77851,250,24,27.9,G2,LIBERADO,INCOBRABLE,43626,29/05/2019,115.566,61.89085,9.90254,0.65152,0.10424,G,2019
78210,250,24,25.9,F3,PAGADO,AL CORRIENTE,43616,29/05/2019,249.9999,65.8471,10.53552,0,0,F,2019
78291,500,36,18.9,D2,CANCELADO,AL CORRIENTE,0000-00-00,19/06/2019,0,0,0,0,0,D,#VALUE!
78516,250,36,22.9,E3,LIBERADO,INCOBRABLE,43635,19/06/2019,76.06429,61.26178,9.80187,44.10239,7.05648,E,2019
78675,500,36,19.9,D3,LIBERADO,AL CORRIENTE,43643,19/06/2019,462.35707,169.01967,27.04317,0,0,D,2019
78783,500,24,19.9,D3,CANCELADO,AL CORRIENTE,43643,19/06/2019,352.86472,102.30505,16.3688,0,0,D,2019
79054,500,36,21.9,E2,PAGADO,AL CORRIENTE,43636,19/06/2019,500,134.98667,21.59787,0,0,E,2019
79602,1000,36,19.9,D3,PAGADO,AL CORRIENTE,43651,02/07/2019,999.99981,211.33926,33.81429,0,0,D,2019
79582,250,24,18.9,D2,PAGADO,AL CORRIENTE,43664,13/07/2019,249.99999,47.28966,7.56635,0,0,D,2019
79808,250,36,24.9,F2,LIBERADO,EN MORA,43669,13/07/2019,220.05801,108.02174,17.28349,1.63531,0.26164,F,2019
79964,500,36,13.9,B3,PAGADO,AL CORRIENTE,43670,13/07/2019,500.00006,79.86524,12.77845,0,0,B,2019
80146,250,36,18.9,D2,CANCELADO,AL CORRIENTE,43661,13/07/2019,42.38015,29.27531,4.68407,0,0,D,2019
80164,250,36,20.9,E1,PAGADO,AL CORRIENTE,43668,13/07/2019,249.99994,88.20756,14.11319,0,0,E,2019
80372,500,36,13.9,B3,CANCELADO,AL CORRIENTE,43662,13/07/2019,91.38664,42.58584,6.81373,0.16743,0.02679,B,2019
80390,250,36,23.9,F1,CANCELADO,INCOBRABLE,43663,13/07/2019,44.72878,43.82571,7.01212,4.25176,0.68028,F,2019
79947,500,36,14.9,C1,PAGADO,AL CORRIENTE,43668,20/07/2019,500.00001,102.723,16.43567,0,0,C,2019
80319,500,36,15.9,C2,PAGADO,AL CORRIENTE,43676,20/07/2019,500.00011,64.98755,10.39799,0,0,C,2019
80537,500,36,14.9,C1,PAGADO,AL CORRIENTE,43670,20/07/2019,500.00005,116.73379,18.67741,0,0,C,2019
80749,1000,24,9.9,A2,PAGADO,INCOBRABLE,43672,20/07/2019,684.2918,96.6828,15.46924,0,0,A,2019
80915,500,36,13.9,B3,LIBERADO,AL CORRIENTE,43677,27/07/2019,465.49852,114.51964,18.32315,0,0,B,2019
80981,250,36,19.9,D3,LIBERADO,AL CORRIENTE,43676,27/07/2019,222.0329,84.04698,13.44751,0,0,D,2019
81174,250,36,14.9,C1,LIBERADO,EN MORA,43679,27/07/2019,223.92649,61.85422,9.89666,0.55327,0.08852,C,2019
81188,250,36,15.9,C2,PAGADO,AL CORRIENTE,43678,27/07/2019,249.99999,34.98445,5.59753,0,0,C,2019
81248,500,36,13.9,B3,PAGADO,AL CORRIENTE,43677,27/07/2019,500.00007,27.60341,4.41655,0,0,B,2019
81625,500,36,19.9,D3,PAGADO,AL CORRIENTE,43691,09/08/2019,500.00002,94.04722,15.04757,0.24226,0.03876,D,2019
81686,500,36,14.9,C1,PAGADO,AL CORRIENTE,43691,09/08/2019,500.00006,69.76583,11.16255,0,0,C,2019
81867,500,24,16.9,C3,PAGADO,AL CORRIENTE,43689,09/08/2019,500,93.25285,14.92047,0,0,C,2019
82085,250,36,14.9,C1,PAGADO,AL CORRIENTE,43693,09/08/2019,249.99996,17.60553,2.81689,0,0,C,2019
82612,500,24,17.9,D1,PAGADO,AL CORRIENTE,43697,17/08/2019,500.00012,99.32254,15.89162,0,0,D,2019
82668,250,24,23.9,F1,LIBERADO,INCOBRABLE,43704,17/08/2019,97.80763,46.00678,7.36108,7.57465,1.21193,F,2019
81785,250,36,18.9,D2,PAGADO,AL CORRIENTE,43727,07/09/2019,250.00003,79.17546,12.66809,0,0,D,2019
82084,250,36,16.9,C3,LIBERADO,AL CORRIENTE,43725,07/09/2019,214.51781,69.8279,11.17246,0,0,C,2019
82947,250,36,14.9,C1,PAGADO,AL CORRIENTE,43719,07/09/2019,250.00003,57.43551,9.18967,0,0,C,2019
82971,500,36,15.9,C2,LIBERADO,AL CORRIENTE,43718,07/09/2019,447.04869,132.28134,21.16499,0,0,C,2019
83104,250,36,19.9,D3,PAGADO,AL CORRIENTE,43728,07/09/2019,250.00001,71.69371,11.47099,0,0,D,2019
83925,250,36,18.9,D2,LIBERADO,AL CORRIENTE,43719,07/09/2019,213.5146,79.17548,12.66812,0,0,D,2019
83968,500,36,17.9,D1,LIBERADO,AL CORRIENTE,43720,07/09/2019,445.56618,150.03542,24.00565,0,0,D,2019
84450,750,36,16.9,C3,PAGADO,AL CORRIENTE,43740,28/09/2019,750.00025,196.7326,31.47723,0,0,C,2019
84693,500,36,17.9,D1,LIBERADO,AL CORRIENTE,43739,28/09/2019,428.03531,148.96216,23.83392,0,0,D,2019
84923,500,36,17.9,D1,PAGADO,AL CORRIENTE,43740,28/09/2019,500.0001,42.42322,6.78772,0,0,D,2019
85100,1000,36,16.9,C3,PAGADO,AL CORRIENTE,43738,28/09/2019,1000,104.02296,16.64367,0,0,C,2019
85142,500,36,18.9,D2,LIBERADO,AL CORRIENTE,43738,28/09/2019,412.38479,156.56595,25.05057,0,0,D,2019
85450,500,36,19.9,D3,CANCELADO,AL CORRIENTE,43762,19/10/2019,167.90252,105.66964,16.90716,0.60082,0.09614,D,2019
86211,500,12,17.9,D1,PAGADO,AL CORRIENTE,43759,19/10/2019,499.99993,49.99291,7.99887,0,0,D,2019
86282,1000,36,11.9,B1,CANCELADO,EN MORA,43760,19/10/2019,448.72616,145.47846,23.27654,2.23143,0.35703,B,2019
86328,500,36,19.9,D3,LIBERADO,AL CORRIENTE,43762,19/10/2019,391.23317,163.55635,26.16903,0,0,D,2019
86349,500,24,18.9,D2,CANCELADO,INCOBRABLE,43761,19/10/2019,285.67002,88.1948,14.11117,24.19029,3.87043,D,2019
86353,500,24,21.9,E2,LIBERADO,INCOBRABLE,43764,19/10/2019,53.3599,34.75052,5.56009,0.31914,0.05106,E,2019
85906,250,36,21.9,E2,LIBERADO,AL CORRIENTE,43795,09/11/2019,185.58901,89.96514,14.39445,0,0,E,2019
86517,500,36,17.9,D1,LIBERADO,AL CORRIENTE,43788,09/11/2019,360.84235,142.14236,22.74275,0,0,D,2019
86576,500,36,17.9,D1,PAGADO,AL CORRIENTE,43781,09/11/2019,499.99994,137.27578,21.96411,0,0,D,2019
86611,500,24,18.9,D2,PAGADO,AL CORRIENTE,43781,09/11/2019,500,105.43176,16.86908,0,0,D,2019
86998,250,36,20.9,E1,LIBERADO,AL CORRIENTE,43778,09/11/2019,203.64773,87.40039,13.98406,0,0,E,2019
87138,500,24,19.9,D3,PAGADO,AL CORRIENTE,43780,09/11/2019,499.99999,79.96796,12.79488,0,0,D,2019
87176,1000,36,16.9,C3,PAGADO,AL CORRIENTE,43780,09/11/2019,999.9999,252.36733,40.37877,0,0,C,2019
87492,118.955,36,20.9,E1,LIBERADO,AL CORRIENTE,43781,11/11/2017,92.74708,41.13046,6.58083,0,0,E,2019
87492,118.955,36,20.9,E1,LIBERADO,AL CORRIENTE,43781,11/12/2017,92.74708,41.13046,6.58083,0,0,E,2019
87882,250,36,16.9,C3,PAGADO,AL CORRIENTE,43812,30/11/2019,250.00001,13.61192,2.17792,0,0,C,2019
87900,500,36,18.9,D2,PAGADO,AL CORRIENTE,43801,30/11/2019,500.00002,128.58357,20.57336,0,0,D,2019
87938,250,36,19.9,D3,LIBERADO,EN MORA,43802,30/11/2019,170.66537,78.24653,12.51945,0,0,D,2019
87958,1000,36,13.9,B3,LIBERADO,AL CORRIENTE,43805,30/11/2019,798.38164,221.99552,35.51929,0.62788,0.10045,B,2019
87964,250,36,17.9,D1,LIBERADO,AL CORRIENTE,43801,30/11/2019,196.93139,73.02444,11.68389,0,0,D,2019
88005,250,36,14.9,C1,PAGADO,AL CORRIENTE,43801,30/11/2019,250.00002,9.11024,1.45763,0,0,C,2019
88038,250,36,15.9,C2,LIBERADO,AL CORRIENTE,43809,30/11/2019,190.05992,63.6156,10.17849,0,0,C,2019
88089,250,36,15.9,C2,PAGADO,AL CORRIENTE,43815,30/11/2019,249.99998,9.7468,1.5595,0,0,C,2019
87986,250,36,19.9,D3,LIBERADO,AL CORRIENTE,43809,30/11/2019,187.14089,80.73776,12.91804,0,0,D,2019
88044,250,36,22.9,E3,LIBERADO,AL CORRIENTE,43807,08/12/2019,193.59053,95.40562,15.2649,0,0,E,2019
88126,1000,36,10.9,A3,LIBERADO,AL CORRIENTE,43808,08/12/2019,775.036,169.4056,27.10492,0,0,A,2019
88144,500,36,17.9,D1,LIBERADO,AL CORRIENTE,43815,08/12/2019,377.21082,144.2177,23.07482,0,0,D,2019
88236,500,36,18.9,D2,PAGADO,AL CORRIENTE,43810,08/12/2019,499.99999,44.91847,7.18695,0,0,D,2019
88259,1000,36,16.9,C3,PAGADO,AL CORRIENTE,43809,08/12/2019,1000.00013,257.55603,41.20893,0,0,C,2019
88524,500,36,19.9,D3,PAGADO,AL CORRIENTE,43829,18/12/2019,500.00002,111.16644,17.78664,0,0,D,2019
88694,1000,24,19.9,D3,PAGADO,AL CORRIENTE,43817,18/12/2019,999.99988,221.92756,35.50843,0,0,D,2019
88759,250,24,17.9,D1,PAGADO,AL CORRIENTE,43820,18/12/2019,249.99998,49.66128,7.94581,0,0,D,2019
88792,1000,36,16.9,C3,PAGADO,AL CORRIENTE,43818,18/12/2019,999.99994,266.6227,42.65964,0,0,C,2019
88810,1000,24,12.9,B2,PAGADO,AL CORRIENTE,43818,18/12/2019,1000.00001,141.10319,22.57653,0,0,B,2019
88817,750,24,25.9,F3,PAGADO,AL CORRIENTE,43818,18/12/2019,750,221.06075,35.36972,0,0,F,2019
88814,1000,36,19.9,D3,LIBERADO,INCOBRABLE,43822,22/12/2019,218.76775,163.22492,26.11601,73.52101,11.76337,D,2019
88831,500,36,16.9,C3,LIBERADO,AL CORRIENTE,43829,22/12/2019,362.51558,133.31144,21.32983,0,0,C,2019
88845,500,36,14.9,C1,PAGADO,AL CORRIENTE,43823,22/12/2019,499.99993,114.87096,18.37936,0,0,C,2019
89233,1000,36,16.9,C3,LIBERADO,AL CORRIENTE,43844,11/01/2020,725.03116,266.62288,42.65966,0,0,C,2020
89860,1000,36,16.9,C3,LIBERADO,AL CORRIENTE,43850,18/01/2020,693.09395,262.31025,41.96964,0,0,C,2020
89783,500,36,18.9,D2,LIBERADO,AL CORRIENTE,43857,24/01/2020,394.24589,151.04539,24.16724,0,0,D,2020
89975,500,36,16.9,C3,LIBERADO,AL CORRIENTE,43858,24/01/2020,346.547,131.15511,20.98482,0,0,C,2020
90092,1000,36,12.9,B2,PAGADO,AL CORRIENTE,43865,24/01/2020,999.99996,154.8668,24.77868,0,0,B,2020
90124,1000,36,15.9,C2,LIBERADO,INCOBRABLE,43858,24/01/2020,108.25144,63.549,10.16785,0,0,C,2020
90165,1000,36,15.9,C2,PAGADO,AL CORRIENTE,43854,24/01/2020,1000.00024,237.51904,38.00306,0,0,C,2020
90243,1000,36,15.9,C2,CANCELADO,AL CORRIENTE,43858,26/01/2020,377.6276,176.44043,28.23047,0,0,C,2020
90334,500,36,18.9,D2,CANCELADO,AL CORRIENTE,0000-00-00,02/02/2020,0,0,0,0,0,D,#VALUE!
90421,500,36,18.9,D2,LIBERADO,AL CORRIENTE,43865,02/02/2020,359.16425,151.0454,24.1673,0,0,D,2020
90479,250,36,22.9,E3,PAGADO,AL CORRIENTE,43865,02/02/2020,250.00005,50.89995,8.14399,0,0,E,2020
90530,500,24,16.9,C3,PAGADO,AL CORRIENTE,43865,02/02/2020,499.99998,93.25302,14.92048,0,0,C,2020
90586,500,36,19.9,D3,PAGADO,AL CORRIENTE,43880,15/02/2020,499.99995,121.51088,19.44175,0,0,D,2020
90587,500,36,18.9,D2,LIBERADO,AL CORRIENTE,43878,15/02/2020,327.03359,145.83913,23.33422,0,0,D,2020
90621,250,36,26.9,G1,LIBERADO,AL CORRIENTE,43879,15/02/2020,164.49484,109.05843,17.44935,0,0,G,2020
91582,500,36,19.9,D3,LIBERADO,AL CORRIENTE,43892,29/02/2020,325.31938,153.6019,24.57631,0,0,D,2020
91641,500,36,19.9,D3,PAGADO,AL CORRIENTE,43892,29/02/2020,499.99999,61.50318,9.84051,0,0,D,2020
91957,1000,36,17.9,D1,LIBERADO,AL CORRIENTE,43900,06/03/2020,688.30877,279.65393,44.74463,0,0,D,2020
91888,500,36,26.9,G1,LIBERADO,AL CORRIENTE,43901,10/03/2020,328.98969,218.11699,34.8987,0,0,G,2020
92054,500,36,18.9,D2,LIBERADO,AL CORRIENTE,43901,10/03/2020,327.03354,145.83918,23.33426,0,0,D,2020
92123,500,36,18.9,D2,LIBERADO,AL CORRIENTE,43909,15/03/2020,311.40011,142.86381,22.85819,0,0,D,2020
92228,250,24,21.9,E2,PAGADO,AL CORRIENTE,43907,15/03/2020,249.99996,56.82081,9.09135,0,0,E,2020
92333,500,36,20.9,E1,LIBERADO,AL CORRIENTE,43920,26/03/2020,323.41217,162.28849,25.96612,0.00298,0.00048,E,2020
92701,500,36,19.9,D3,LIBERADO,AL CORRIENTE,43917,26/03/2020,309.60947,150.4506,24.0721,0,0,D,2020
93759,152.93438,36,19.9,D3,LIBERADO,AL CORRIENTE,43937,20/10/2018,94.69994,46.01808,7.36295,0,0,D,2020
94232,183.116,36,17.9,D1,CANCELADO,AL CORRIENTE,43949,18/02/2019,48.98974,28.90225,4.62434,0.46713,0.07474,D,2020
94879,250,36,28.9,G3,LIBERADO,AL CORRIENTE,43983,29/05/2020,138.16315,110.44519,17.67123,0.08952,0.01432,G,2020
95012,250,36,26.9,G1,LIBERADO,INCOBRABLE,43983,29/05/2020,37.5046,41.99846,6.71975,0,0,G,2020
95065,500,36,18.9,D2,PAGADO,AL CORRIENTE,43985,29/05/2020,500,30.59982,4.89597,0,0,D,2020
95090,1000,36,17.9,D1,LIBERADO,AL CORRIENTE,43985,29/05/2020,596.20959,262.96334,42.07415,0.25427,0.04068,D,2020
95177,500,12,19.9,D3,PAGADO,AL CORRIENTE,43983,29/05/2020,500.00002,54.90298,8.78449,0,0,D,2020
95308,500,36,18.9,D2,PAGADO,AL CORRIENTE,43983,29/05/2020,500.00001,128.58371,20.5734,0,0,D,2020
95365,250,36,28.9,G3,LIBERADO,AL CORRIENTE,43983,29/05/2020,138.16333,110.44522,17.67123,0,0,G,2020
95423,250,36,27.9,G2,LIBERADO,AL CORRIENTE,43997,29/05/2020,131.34412,103.76903,16.60304,0.00592,0.00095,G,2020
95657,414.16003,36,13.9,B3,LIBERADO,INCOBRABLE,43984,13/07/2019,56.01072,28.23874,4.5182,0.12014,0.01922,B,2020
95926,211.65833,36,18.9,D2,PAGADO,AL CORRIENTE,43990,13/07/2019,211.6583,40.24471,6.43916,0,0,D,2020
95895,1000,36,16.9,C3,LIBERADO,AL CORRIENTE,44006,20/06/2020,570.38592,240.7146,38.51433,0,0,C,2020
95951,500,36,20.9,E1,PAGADO,AL CORRIENTE,44011,20/06/2020,499.99997,49.67072,7.9473,0,0,E,2020
96257,500,36,15.9,C2,LIBERADO,EN MORA,44015,20/06/2020,257.93288,107.06928,17.13107,0,0,C,2020
96333,500,36,14.9,C1,LIBERADO,AL CORRIENTE,44005,20/06/2020,289.20582,105.5216,16.88345,0,0,C,2020
96362,250,36,18.9,D2,LIBERADO,AL CORRIENTE,44011,20/06/2020,140.48542,68.09548,10.89531,0,0,D,2020
96369,500,36,18.9,D2,LIBERADO,AL CORRIENTE,44013,20/06/2020,388.0073,138.10469,22.09674,0,0,D,2020
96429,250,36,19.9,D3,LIBERADO,AL CORRIENTE,44027,29/06/2020,132.11683,69.74251,11.1588,0,0,D,2020
96479,500,36,14.9,C1,LIBERADO,AL CORRIENTE,44025,29/06/2020,274.5561,102.72289,16.43568,0,0,C,2020
96725,500,36,16.9,C3,LIBERADO,AL CORRIENTE,44012,29/06/2020,285.19302,120.35719,19.25715,0,0,C,2020
96117,500,36,13.9,B3,LIBERADO,AL CORRIENTE,44026,14/07/2020,276.71156,95.21592,15.23456,0,0,B,2020
97545,1000,36,11.9,B1,LIBERADO,AL CORRIENTE,44026,14/07/2020,561.6189,162.20162,25.95225,0,0,B,2020
97253,500,36,13.9,B3,LIBERADO,EN MORA,44029,14/07/2020,262.29846,92.47004,14.79518,1.2041,0.19264,B,2020
97518,500,36,14.9,C1,CANCELADO,AL CORRIENTE,0000-00-00,14/07/2020,0,0,0,0,0,C,#VALUE!
97710,500,36,16.9,C3,LIBERADO,AL CORRIENTE,44027,14/07/2020,270.46449,117.13186,18.74108,0,0,C,2020
96495,250,36,21.9,E2,LIBERADO,EN MORA,44050,26/07/2020,115.52859,72.78959,11.64635,1.63641,0.26184,E,2020
97530,250,36,25.9,F3,LIBERADO,AL CORRIENTE,44060,26/07/2020,118.59777,89.89053,14.38247,0,0,F,2020
98173,1000,36,16.9,C3,LIBERADO,AL CORRIENTE,44046,26/07/2020,540.929,234.26388,37.48221,0,0,C,2020
98252,1000,36,16.9,C3,LIBERADO,AL CORRIENTE,44041,26/07/2020,540.92901,234.26371,37.48218,0,0,C,2020
98433,250,36,26.9,G1,LIBERADO,AL CORRIENTE,44040,26/07/2020,124.86518,96.76572,15.48248,0,0,G,2020
98506,250,24,23.9,F1,PAGADO,AL CORRIENTE,44040,26/07/2020,250.00002,60.51977,9.68317,0,0,F,2020
98463,500,36,18.9,D2,CANCELADO,AL CORRIENTE,0000-00-00,17/08/2020,0,0,0,0,0,D,#VALUE!
99145,500,36,23.9,F1,LIBERADO,AL CORRIENTE,44069,17/08/2020,241.26384,165.05776,26.40925,0.28076,0.04492,F,2020
99160,500,36,15.9,C2,LIBERADO,AL CORRIENTE,44064,17/08/2020,257.93288,107.06928,17.13107,0,0,C,2020
99437,500,36,24.9,F2,LIBERADO,AL CORRIENTE,44062,17/08/2020,239.12,172.78724,27.64595,0,0,F,2020
99441,500,36,25.9,F3,LIBERADO,AL CORRIENTE,44063,17/08/2020,237.19555,179.7811,28.76498,0,0,F,2020
99504,500,36,14.9,C1,PAGADO,AL CORRIENTE,44070,17/08/2020,500,65.28474,10.44557,0,0,C,2020
99563,500,36,18.9,D2,LIBERADO,AL CORRIENTE,44074,17/08/2020,251.62563,128.58354,20.57335,0,0,D,2020
99640,250,36,19.9,D3,CANCELADO,AL CORRIENTE,0000-00-00,24/08/2020,0,0,0,0,0,D,#VALUE!
99681,250,36,17.9,D1,PAGADO,AL CORRIENTE,44075,24/08/2020,249.99997,36.63681,5.86189,0,0,D,2020
99755,500,36,22.9,E3,PAGADO,AL CORRIENTE,44068,24/08/2020,499.99995,128.96049,20.63368,0,0,E,2020
99833,500,36,17.9,D1,LIBERADO,AL CORRIENTE,44078,24/08/2020,253.79701,121.11941,19.3791,0,0,D,2020
99901,250,24,14.9,C1,LIBERADO,AL CORRIENTE,44069,24/08/2020,213.86301,40.01358,6.40218,0,0,C,2020
99982,500,24,16.9,C3,LIBERADO,AL CORRIENTE,44070,24/08/2020,426.39097,91.17306,14.5877,0,0,C,2020
100021,500,36,14.9,C1,PAGADO,AL CORRIENTE,44069,24/08/2020,499.9999,40.59205,6.49473,0,0,C,2020
99276,250,36,14.9,C1,LIBERADO,AL CORRIENTE,44078,30/08/2020,130.05714,49.87251,7.97961,0,0,C,2020
100029,1000,36,16.9,C3,LIBERADO,AL CORRIENTE,44075,30/08/2020,511.94452,227.40584,36.38492,0,0,C,2020
100310,500,36,16.9,C3,PAGADO,AL CORRIENTE,44074,30/08/2020,500,13.9067,2.22508,0,0,C,2020
100651,218.63742,50,23.9,F1,LIBERADO,INCOBRABLE,44074,13/07/2019,15.05585,25.40012,4.06402,0,0,F,2020
99861,500,36,13.9,B3,LIBERADO,AL CORRIENTE,44083,07/09/2020,262.29848,92.47006,14.79522,0,0,B,2020
100547,250,36,19.9,D3,LIBERADO,AL CORRIENTE,44088,07/09/2020,117.69484,65.48097,10.47695,0,0,D,2020
100756,500,36,12.9,B2,LIBERADO,AL CORRIENTE,44082,07/09/2020,264.26628,85.9652,13.75442,0,0,B,2020
100800,250,36,17.9,D1,CANCELADO,AL CORRIENTE,44082,07/09/2020,54.75895,33.72503,5.396,0,0,D,2020
99813,500,36,23.9,F1,PAGADO,AL CORRIENTE,44105,16/09/2020,499.99996,135.8616,21.73784,0,0,F,2020
101374,500,36,10.9,A3,PAGADO,AL CORRIENTE,44096,16/09/2020,500,60.36324,9.65811,0,0,A,2020
100892,250,36,23.9,F1,CANCELADO,AL CORRIENTE,0000-00-00,21/09/2020,0,0,0,0,0,F,#VALUE!
100975,250,36,14.9,C1,LIBERADO,AL CORRIENTE,44097,21/09/2020,122.93881,48.29521,7.72723,0,0,C,2020
101593,500,36,22.9,E3,PAGADO,AL CORRIENTE,44105,21/09/2020,499.99998,37.03226,5.92516,0,0,E,2020
101684,500,24,18.9,D2,LIBERADO,AL CORRIENTE,44096,21/09/2020,400.86015,101.48621,16.2378,0,0,D,2020
101733,500,12,15.9,C2,PAGADO,AL CORRIENTE,44096,21/09/2020,500,44.35488,7.09678,0,0,C,2020
101760,500,36,19.9,D3,LIBERADO,AL CORRIENTE,44097,21/09/2020,235.38971,130.96192,20.95388,0,0,D,2020
102483,103.53,24,15.9,C2,LIBERADO,AL CORRIENTE,44103,25/01/2018,83.53498,17.51618,2.80259,0.26244,0.04199,C,2020
102259,1000,36,16.9,C3,LIBERADO,AL CORRIENTE,44118,11/10/2020,483.42495,220.147,35.22353,0,0,C,2020
102624,500,36,15.9,C2,PAGADO,AL CORRIENTE,44121,11/10/2020,499.99996,64.9875,10.39799,0,0,C,2020
102901,750,36,16.9,C3,LIBERADO,AL CORRIENTE,44118,11/10/2020,362.56863,165.11019,26.41763,0,0,C,2020
102911,500,36,19.9,D3,LIBERADO,AL CORRIENTE,44127,11/10/2020,221.37419,126.35023,20.21607,0,0,D,2020
103036,500,36,17.9,D1,LIBERADO,INCOBRABLE,44118,11/10/2020,121.53835,73.2736,11.72379,0,0,D,2020
103072,750,24,16.9,C3,PAGADO,AL CORRIENTE,44126,17/10/2020,749.99976,88.35351,14.13656,0,0,C,2020
103175,500,36,28.9,G3,PAGADO,AL CORRIENTE,44121,17/10/2020,500.00006,148.1512,23.70419,0,0,G,2020
103202,250,36,19.9,D3,LIBERADO,AL CORRIENTE,44130,17/10/2020,110.68707,63.1751,10.10802,0,0,D,2020
103443,250,36,19.9,D3,CANCELADO,AL CORRIENTE,44134,17/10/2020,30.73859,23.58385,3.77343,0,0,D,2020
103479,500,36,16.9,C3,PAGADO,AL CORRIENTE,44131,25/10/2020,499.99996,102.22635,16.35622,0,0,C,2020
103689,500,24,14.9,C1,LIBERADO,INCOBRABLE,44136,25/10/2020,131.17174,43.3624,6.93797,2.41036,0.38565,C,2020
103702,500,36,21.9,E2,LIBERADO,AL CORRIENTE,44132,25/10/2020,217.05909,140.40825,22.46531,0,0,E,2020
103074,500,36,13.9,B3,LIBERADO,AL CORRIENTE,44137,31/10/2020,234.04163,86.48761,13.83802,0,0,B,2020
103259,500,36,22.9,E3,LIBERADO,AL CORRIENTE,44153,31/10/2020,201.44134,141.0964,22.57544,0,0,E,2020
103280,250,36,20.9,E1,LIBERADO,AL CORRIENTE,44141,31/10/2020,102.74131,64.11557,10.25849,0,0,E,2020
103352,250,36,20.9,E1,LIBERADO,INCOBRABLE,44138,31/10/2020,82.95084,55.72875,8.9166,0.11878,0.019,E,2020
103451,250,36,21.9,E2,PAGADO,AL CORRIENTE,44152,31/10/2020,250,45.22261,7.23564,0,0,E,2020
103760,500,36,18.9,D2,LIBERADO,AL CORRIENTE,44154,31/10/2020,209.55566,115.49324,18.47891,0,0,D,2020
103841,500,36,19.9,D3,LIBERADO,AL CORRIENTE,44138,31/10/2020,221.37428,126.35008,20.216,0,0,D,2020
103973,500,24,16.9,C3,PAGADO,AL CORRIENTE,44139,31/10/2020,500.00005,54.1977,8.67164,0,0,C,2020
104048,250,36,21.9,E2,PAGADO,AL CORRIENTE,44141,31/10/2020,250,61.7064,9.87303,0,0,E,2020
104208,500,36,11.9,B1,LIBERADO,AL CORRIENTE,44148,31/10/2020,224.36306,71.00179,11.36028,0.44726,0.07155,B,2020
104381,134.4864,36,24.9,F2,LIBERADO,AL CORRIENTE,44137,04/11/2017,56.71505,43.32156,6.93144,2.06917,0.33107,F,2020
104242,500,36,17.9,D1,LIBERADO,AL CORRIENTE,44146,07/11/2020,211.71151,108.84145,17.41462,0,0,D,2020
104289,500,36,17.9,D1,LIBERADO,AL CORRIENTE,44160,07/11/2020,225.5001,113.14096,18.10255,0,0,D,2020
104292,250,36,18.9,D2,LIBERADO,AL CORRIENTE,44159,07/11/2020,104.77784,57.74664,9.23948,0,0,D,2020
104374,500,36,13.9,B3,CANCELADO,AL CORRIENTE,0000-00-00,07/11/2020,0,0,0,0,0,B,#VALUE!
104446,500,36,15.9,C2,LIBERADO,AL CORRIENTE,44144,07/11/2020,229.65,100.0772,16.01236,0,0,C,2020
104497,1000,36,13.9,B3,LIBERADO,AL CORRIENTE,44152,07/11/2020,440.3854,166.5108,26.64173,0,0,B,2020
104500,500,24,18.9,D2,LIBERADO,AL CORRIENTE,44145,07/11/2020,353.92235,97.24424,15.55908,0,0,D,2020
104530,500,36,13.9,B3,LIBERADO,AL CORRIENTE,44144,07/11/2020,234.04146,86.48764,13.83802,2.27622,0.3642,B,2020
104218,500,36,13.9,B3,PAGADO,AL CORRIENTE,44166,14/11/2020,500.00006,76.31934,12.21111,0,0,B,2020
104349,500,36,17.9,D1,PAGADO,AL CORRIENTE,44153,14/11/2020,499.99992,55.27722,8.84435,0,0,D,2020
104378,250,36,25.9,F3,LIBERADO,INCOBRABLE,44152,14/11/2020,38.11477,41.34088,6.61453,24.86691,3.97869,F,2020
104711,1000,36,11.9,B1,LIBERADO,AL CORRIENTE,44159,14/11/2020,448.72616,142.00348,22.72055,0,0,B,2020
104776,1000,36,17.9,D1,LIBERADO,AL CORRIENTE,44153,14/11/2020,423.42305,217.68297,34.82926,0,0,D,2020
104874,500,24,19.9,D3,LIBERADO,AL CORRIENTE,44152,14/11/2020,352.86443,102.30521,16.36883,0,0,D,2020
103534,250,36,24.9,F2,LIBERADO,AL CORRIENTE,44161,22/11/2020,98.61185,77.38625,12.38179,0,0,F,2020
104288,1000,36,19.9,D3,LIBERADO,INCOBRABLE,44164,22/11/2020,263.3706,188.09445,30.09512,6.03772,0.96604,D,2020
104793,500,36,13.9,B3,LIBERADO,AL CORRIENTE,44160,22/11/2020,220.19269,83.25535,13.32087,0,0,B,2020
104887,1000,36,13.9,B3,LIBERADO,AL CORRIENTE,44159,22/11/2020,440.38539,166.51066,26.6417,0,0,B,2020
105596,250,36,17.9,D1,PAGADO,AL CORRIENTE,44176,07/12/2020,249.99997,33.72502,5.396,0,0,D,2020
105772,500,36,19.9,D3,PAGADO,AL CORRIENTE,44180,07/12/2020,499.99993,87.92947,14.06872,0,0,D,2020
105964,1000,36,19.9,D3,PAGADO,AL CORRIENTE,44181,07/12/2020,999.99999,211.33936,33.8143,0,0,D,2020
106071,1000,36,12.9,B2,PAGADO,AL CORRIENTE,44173,07/12/2020,1000.00011,61.01223,9.76197,0,0,B,2020
106458,99.47229,18,20.9,E1,LIBERADO,INCOBRABLE,44180,17/02/2018,78.41629,16.71444,2.67429,5.85648,0.93704,E,2020
107987,1000,36,16.9,C3,LIBERADO,AL CORRIENTE,44221,21/01/2021,373.84788,187.23152,29.95704,0,0,C,2021
108440,500,36,17.9,D1,LIBERADO,AL CORRIENTE,44224,27/01/2021,184.83381,99.63954,15.94232,0,0,D,2021
108497,250,36,24.9,F2,LIBERADO,AL CORRIENTE,44230,27/01/2021,85.45518,70.68419,11.30948,0,0,F,2021
108509,1000,36,18.9,D2,LIBERADO,AL CORRIENTE,44225,27/01/2021,559.25619,204.87447,32.77991,0,0,D,2021
108663,1000,36,12.9,B2,LIBERADO,AL CORRIENTE,44224,27/01/2021,389.91393,142.00983,22.72158,0,0,B,2021
108671,250,36,23.9,F1,CANCELADO,INCOBRABLE,44231,27/01/2021,21.64881,23.96946,3.83509,0.60634,0.09702,F,2021
108603,1000,12,11.9,B1,PAGADO,AL CORRIENTE,44231,01/02/2021,1000.00001,57.09854,9.13577,0,0,B,2021
108646,250,36,26.9,G1,LIBERADO,INCOBRABLE,44231,01/02/2021,48.14718,51.40651,8.22503,0.46237,0.07398,G,2021
108793,250,36,27.9,G2,LIBERADO,AL CORRIENTE,44237,01/02/2021,76.31414,75.73155,12.11706,0,0,G,2021
108842,500,36,18.9,D2,LIBERADO,AL CORRIENTE,44236,01/02/2021,182.75408,105.69308,16.91089,0,0,D,2021
108881,1000,36,14.9,C1,LIBERADO,AL CORRIENTE,44236,07/02/2021,632.93008,159.84907,25.57584,0,0,C,2021
109126,500,36,16.9,C3,PAGADO,AL CORRIENTE,44236,07/02/2021,499.99998,79.32083,12.69133,0,0,C,2021
109147,500,36,17.9,D1,LIBERADO,AL CORRIENTE,44237,07/02/2021,171.73682,94.74387,15.15902,0,0,D,2021
109210,1000,36,17.9,D1,LIBERADO,EN MORA,44235,07/02/2021,323.3795,189.4876,30.31803,1.1193,0.17909,D,2021
109215,500,36,18.9,D2,LIBERADO,INCOBRABLE,44238,07/02/2021,23.26356,23.19071,3.71052,36.93872,5.91016,D,2021
109236,500,12,13.9,B3,PAGADO,AL CORRIENTE,44235,07/02/2021,500.00015,38.45874,6.15339,0,0,B,2021
109699,147.135,24,19.9,D3,PAGADO,AL CORRIENTE,44237,19/06/2019,147.13502,18.87375,3.0198,0,0,D,2021
109511,500,36,18.9,D2,LIBERADO,AL CORRIENTE,44243,11/02/2021,169.71344,100.48255,16.07719,0.1448,0.02317,D,2021
109584,500,36,19.9,D3,LIBERADO,AL CORRIENTE,44242,11/02/2021,167.90247,105.66963,16.90714,0,0,D,2021
110103,269.53092,30,16.9,C3,LIBERADO,EN MORA,44245,27/07/2018,120.11449,47.77867,7.64458,0.53017,0.08483,C,2021
110859,1000,36,18.9,D2,LIBERADO,AL CORRIENTE,44263,06/03/2021,339.42688,200.96504,32.1544,0,0,D,2021
111453,332.098,36,19.9,D3,LIBERADO,INCOBRABLE,44267,19/10/2019,17.1255,16.16625,2.5866,24.80492,3.96878,D,2021
111201,500,36,18.9,D2,LIBERADO,AL CORRIENTE,44272,13/03/2021,156.90715,95.06993,15.21117,0,0,D,2021
111225,250,36,20.9,E1,LIBERADO,AL CORRIENTE,44271,13/03/2021,104.10599,54.63737,8.74199,0,0,E,2021
111263,500,36,19.9,D3,LIBERADO,AL CORRIENTE,44271,13/03/2021,155.1582,99.96192,15.99392,0,0,D,2021
111794,500,36,15.9,C2,LIBERADO,AL CORRIENTE,44274,18/03/2021,162.61144,79.43453,12.7095,0,0,C,2021
111816,1000,36,18.9,D2,PAGADO,AL CORRIENTE,44274,18/03/2021,999.99995,46.38145,7.42103,0,0,D,2021
111287,1000,36,16.9,C3,LIBERADO,AL CORRIENTE,44279,20/03/2021,321.66048,168.53148,26.96504,0,0,C,2021
111689,250,36,22.9,E3,LIBERADO,EN MORA,44278,22/03/2021,68.6623,54.46904,8.71505,0.3242,0.05187,E,2021
111877,1000,36,13.9,B3,PAGADO,AL CORRIENTE,44278,22/03/2021,1000.00028,129.53501,20.72561,0,0,B,2021
111934,250,36,20.9,E1,LIBERADO,AL CORRIENTE,44279,22/03/2021,76.6135,52.70939,8.43351,0,0,E,2021
112559,250,24,15.9,C2,PAGADO,AL CORRIENTE,44291,01/04/2021,250.00004,12.5766,2.01227,0,0,C,2021
112579,250,36,15.9,C2,LIBERADO,EN MORA,44290,01/04/2021,68.59898,34.98444,5.59753,0.1652,0.02642,C,2021
112624,500,36,13.9,B3,LIBERADO,AL CORRIENTE,44291,01/04/2021,166.60445,68.76818,11.00291,0,0,B,2021
112685,500,24,12.9,B2,LIBERADO,AL CORRIENTE,44291,01/04/2021,273.43344,56.87348,9.09976,0,0,B,2021
113383,98.00292,10,15.9,C2,PAGADO,AL CORRIENTE,44295,12/11/2017,98.00294,7.31989,1.17119,0,0,C,2021
112572,1000,36,16.9,C3,LIBERADO,AL CORRIENTE,44298,11/04/2021,296.19257,158.64171,25.38268,0,0,C,2021
113015,1000,36,13.9,B3,LIBERADO,AL CORRIENTE,44298,11/04/2021,307.2945,129.53496,20.72561,0,0,B,2021
113546,134.126,36,17.9,D1,LIBERADO,AL CORRIENTE,44298,18/02/2019,39.22035,22.63505,3.62159,0.06568,0.01051,D,2021
113352,500,36,15.9,C2,LIBERADO,AL CORRIENTE,44309,17/04/2021,149.80762,74.78536,11.96565,0,0,C,2021
113544,500,36,13.9,B3,LIBERADO,AL CORRIENTE,44305,17/04/2021,153.64733,64.76753,10.36281,0,0,B,2021
113573,500,36,11.9,B1,LIBERADO,AL CORRIENTE,44305,17/04/2021,157.34066,55.33022,8.85283,0,0,B,2021
113722,1000,36,15.9,C2,PAGADO,AL CORRIENTE,44305,17/04/2021,1000.00046,38.98708,6.23793,0,0,C,2021
113612,500,24,27.9,G2,LIBERADO,AL CORRIENTE,44312,24/04/2021,231.13197,121.01688,19.3627,0,0,G,2021
114123,750,36,13.9,B3,LIBERADO,AL CORRIENTE,44320,24/04/2021,264.07356,97.15116,15.54418,0,0,B,2021
114145,500,24,17.9,D1,PAGADO,AL CORRIENTE,44312,24/04/2021,500.0001,79.6731,12.74771,0,0,D,2021
114412,337.34283,36,0,D2,LIBERADO,AL CORRIENTE,44313,02/12/2018,123.58331,0,0,0.00757,0.00121,D,2021
112800,500,36,14.9,C1,LIBERADO,AL CORRIENTE,44320,01/05/2021,151.72114,69.76575,11.16253,0,0,C,2021
113977,500,36,11.9,B1,LIBERADO,AL CORRIENTE,44320,01/05/2021,157.34072,55.33027,8.85284,0,0,B,2021
114119,250,36,22.9,E3,LIBERADO,AL CORRIENTE,44320,01/05/2021,68.66232,54.46909,8.71505,0,0,E,2021
114166,1000,36,15.9,C2,LIBERADO,AL CORRIENTE,44319,01/05/2021,299.61531,149.57076,23.93133,0,0,C,2021
114503,500,36,15.9,C2,LIBERADO,AL CORRIENTE,44323,01/05/2021,149.80765,74.78544,11.96565,0,0,C,2021
114514,1000,24,13.9,B3,LIBERADO,AL CORRIENTE,44320,01/05/2021,501.91886,116.46399,18.63424,0,0,B,2021
114517,250,36,20.9,E1,LIBERADO,INCOBRABLE,44319,01/05/2021,35.6298,28.66247,4.58599,0,0,E,2021
114543,500,36,14.9,C1,PAGADO,AL CORRIENTE,44322,01/05/2021,500.00005,50.91789,8.14687,0,0,C,2021
114117,250,36,21.9,E2,CANCELADO,AL CORRIENTE,0000-00-00,06/05/2021,0,0,0,0,0,E,#VALUE!
114478,1000,36,19.9,D3,LIBERADO,AL CORRIENTE,44322,06/05/2021,285.30782,188.09502,30.0952,0,0,D,2021
114504,1000,36,16.9,C3,CANCELADO,AL CORRIENTE,0000-00-00,06/05/2021,0,0,0,0,0,C,#VALUE!
114845,250,36,25.9,F3,LIBERADO,AL CORRIENTE,44328,06/05/2021,60.18858,57.90187,9.2643,0.31404,0.05025,F,2021
114945,1000,36,8.9,A1,LIBERADO,AL CORRIENTE,44326,08/05/2021,299.72561,76.97073,12.31531,0,0,A,2021
114974,1000,36,16.9,C3,LIBERADO,AL CORRIENTE,44327,08/05/2021,296.19258,158.64185,25.3827,0,0,C,2021
114989,1000,36,12.9,B2,LIBERADO,AL CORRIENTE,44326,08/05/2021,285.05403,112.87054,18.05928,0,0,B,2021
114129,1500,36,16.9,C3,LIBERADO,AL CORRIENTE,44333,15/05/2021,406.70006,222.59988,35.61598,0,0,C,2021
114884,250,36,19.9,D3,LIBERADO,AL CORRIENTE,44331,15/05/2021,65.19259,43.96472,7.03436,0,0,D,2021
114930,500,24,14.9,C1,LIBERADO,AL CORRIENTE,44334,15/05/2021,228.60648,59.35775,9.49723,0,0,C,2021
115170,500,36,18.9,D2,LIBERADO,AL CORRIENTE,44335,15/05/2021,131.98092,83.6532,13.38452,0,0,D,2021
115179,1000,36,14.9,C1,LIBERADO,AL CORRIENTE,44334,15/05/2021,420.39065,130.5694,20.89112,1.16505,0.1864,C,2021
115257,1000,36,16.9,C3,LIBERADO,AL CORRIENTE,44335,15/05/2021,271.13337,148.39993,23.74399,0,0,C,2021
115262,1000,36,13.9,B3,LIBERADO,AL CORRIENTE,44335,15/05/2021,281.72298,121.23765,19.39801,0,0,B,2021
115322,250,36,19.9,D3,LIBERADO,AL CORRIENTE,44333,15/05/2021,65.19267,43.9647,7.03435,0,0,D,2021
115357,500,36,18.9,D2,LIBERADO,AL CORRIENTE,44335,15/05/2021,131.98091,83.65315,13.38452,0.13028,0.02084,D,2021
115748,219.26068,40,19.9,D3,LIBERADO,INCOBRABLE,44335,17/10/2020,23.25178,20.83407,3.33344,0,0,D,2021
115417,250,36,23.9,F1,LIBERADO,AL CORRIENTE,44348,26/05/2021,61.8012,53.30701,8.52912,0,0,F,2021
115562,500,24,19.9,D3,PAGADO,AL CORRIENTE,44344,26/05/2021,500.00002,75.02126,12.0034,0,0,D,2021
115815,1000,36,15.9,C2,LIBERADO,AL CORRIENTE,44348,26/05/2021,274.39589,139.93784,22.39006,0.57183,0.09149,C,2021
116081,500,36,16.9,C3,LIBERADO,AL CORRIENTE,44354,26/05/2021,135.56668,74.19997,11.872,0,0,C,2021
116117,250,36,23.9,F1,LIBERADO,AL CORRIENTE,44348,26/05/2021,61.80124,53.30708,8.52913,0,0,F,2021
116122,1000,24,16.9,C3,LIBERADO,AL CORRIENTE,44347,26/05/2021,451.6458,134.9378,21.59005,0,0,C,2021
116151,500,36,21.9,E2,LIBERADO,AL CORRIENTE,44344,26/05/2021,126.87985,97.4806,15.5969,0,0,E,2021
116167,250,24,26.9,G1,LIBERADO,AL CORRIENTE,44343,26/05/2021,105.89999,54.91124,8.78578,0,0,G,2021
116231,500,36,18.9,D2,LIBERADO,AL CORRIENTE,44347,26/05/2021,213.40035,81.7966,13.08745,0,0,D,2021
116187,1000,36,18.9,D2,LIBERADO,AL CORRIENTE,44347,29/05/2021,263.96182,167.30636,26.76903,0,0,D,2021
117670,500,24,17.9,D1,PAGADO,AL CORRIENTE,44376,27/06/2021,499.99999,46.72306,7.47569,0,0,D,2021
117954,250,24,18.9,D2,LIBERADO,AL CORRIENTE,44376,27/06/2021,101.21072,35.68953,5.71031,0,0,D,2021
118034,250,24,20.9,E1,LIBERADO,AL CORRIENTE,44376,27/06/2021,99.85774,39.54096,6.32655,0,0,E,2021
118444,1000,36,14.9,C1,LIBERADO,AL CORRIENTE,44376,27/06/2021,253.01064,121.29648,19.40744,0,0,C,2021
118665,1000,36,16.9,C3,LIBERADO,AL CORRIENTE,44384,02/07/2021,304.0303,135.3,21.64799,0,0,C,2021
118818,500,36,15.9,C2,LIBERADO,EN MORA,44382,02/07/2021,88.64294,54.24709,8.67953,4.72298,0.75567,C,2021
118819,1000,36,14.9,C1,LIBERADO,AL CORRIENTE,44384,02/07/2021,253.0104,121.2966,19.40745,0,0,C,2021
118869,1000,36,16.9,C3,LIBERADO,AL CORRIENTE,44383,02/07/2021,246.4761,137.8116,22.04985,0,0,C,2021
118872,1000,24,17.9,D1,LIBERADO,AL CORRIENTE,44382,02/07/2021,407.70344,134.69201,21.55071,0,0,D,2021
118955,500,36,19.9,D3,LIBERADO,AL CORRIENTE,44382,02/07/2021,128.23227,81.29446,13.00711,1.13042,0.18087,D,2021
119004,500,36,13.9,B3,LIBERADO,AL CORRIENTE,44382,02/07/2021,128.24469,56.32444,9.01191,0,0,B,2021
119459,500,36,15.9,C2,LIBERADO,AL CORRIENTE,44389,10/07/2021,112.54948,59.84376,9.57499,0,0,C,2021
119505,1000,36,15.9,C2,CANCELADO,AL CORRIENTE,0000-00-00,10/07/2021,0,0,0,0,0,C,#VALUE!
119702,622.37173,30,15.9,C2,CANCELADO,AL CORRIENTE,44389,26/01/2020,157.77064,66.19784,10.59165,0,0,C,2021
119976,250,36,23.9,F1,LIBERADO,AL CORRIENTE,44396,16/07/2021,50.29015,45.46637,7.27462,0.11804,0.01889,F,2021
119763,250,36,25.9,F3,LIBERADO,AL CORRIENTE,44396,16/07/2021,48.87916,49.35324,7.89652,0.08917,0.01427,F,2021
119792,1000,36,11.9,B1,LIBERADO,AL CORRIENTE,44396,16/07/2021,237.85663,88.74924,14.19988,0,0,B,2021
119870,1000,36,15.9,C2,LIBERADO,AL CORRIENTE,44396,16/07/2021,225.09934,119.68733,19.14997,0,0,C,2021
120308,195.24,26,17.9,D1,LIBERADO,AL CORRIENTE,44398,07/09/2020,65.0043,24.89225,3.98275,0,0,D,2021
120296,500,36,16.9,C3,LIBERADO,AL CORRIENTE,44403,24/07/2021,111.10716,63.4412,10.1506,0,0,C,2021
120301,250,36,12.9,B2,LIBERADO,AL CORRIENTE,44404,24/07/2021,58.6365,24.16103,3.86576,0,0,B,2021
120397,500,36,9.9,A2,LIBERADO,AL CORRIENTE,44407,24/07/2021,122.11037,36.91141,5.90581,0,0,A,2021
120459,1000,24,15.9,C2,LIBERADO,AL CORRIENTE,44403,24/07/2021,372.66586,111.11859,17.77898,0,0,C,2021
119913,500,36,24.9,F2,LIBERADO,AL CORRIENTE,44403,24/07/2021,99.0885,95.0194,15.20309,0,0,F,2021
120400,250,36,27.9,G2,LIBERADO,AL CORRIENTE,44403,24/07/2021,47.4226,53.46485,8.55439,0,0,G,2021
120363,1000,36,19.9,D3,LIBERADO,AL CORRIENTE,44407,29/07/2021,213.07382,150.19995,24.03198,0,0,D,2021
120619,1000,36,14.9,C1,LIBERADO,AL CORRIENTE,44407,29/07/2021,228.3303,111.71729,17.87477,0,0,C,2021
121219,142.52,3,0,G2,PAGADO,AL CORRIENTE,44412,29/04/2017,142.52,0,0,0,0,G,2021
121082,250,36,24.9,F2,LIBERADO,AL CORRIENTE,44417,05/08/2021,49.54422,47.50975,7.60157,0,0,F,2021
121306,1000,36,12.9,B2,LIBERADO,AL CORRIENTE,44424,07/08/2021,209.75883,88.62857,14.18057,0,0,B,2021
121192,250,36,16.9,C3,LIBERADO,AL CORRIENTE,44419,10/08/2021,49.58537,28.90444,4.62471,0,0,C,2021
121192,750,36,16.9,C3,LIBERADO,AL CORRIENTE,44419,10/08/2021,148.75608,86.71329,13.87413,0,0,C,2021
121385,500,36,19.9,D3,LIBERADO,AL CORRIENTE,44419,10/08/2021,94.94864,68.39567,10.9433,0.16538,0.02646,D,2021
121046,250,24,14.9,C1,LIBERADO,AL CORRIENTE,44424,13/08/2021,83.8635,23.86596,3.81854,0,0,C,2021
121798,250,36,15.9,C2,LIBERADO,AL CORRIENTE,44425,17/08/2021,50.25239,27.27009,4.36323,0,0,C,2021
121601,250,36,19.9,D3,LIBERADO,AL CORRIENTE,44426,17/08/2021,47.4743,34.1978,5.47166,0,0,D,2021
121028,1000,24,13.9,B3,LIBERADO,AL CORRIENTE,44427,18/08/2021,338.1341,88.6879,14.19007,0,0,B,2021
121895,1000,36,13.9,B3,LIBERADO,AL CORRIENTE,44428,18/08/2021,207.01902,94.61195,15.1379,0,0,B,2021
122015,500,36,16.9,C3,PAGADO,AL CORRIENTE,44431,18/08/2021,500.00003,63.44119,10.1506,0,0,C,2021
122051,250,36,15.9,C2,LIBERADO,AL CORRIENTE,44428,20/08/2021,155.31806,24.3338,3.8934,0,0,C,2021
121702,250,36,14.9,C1,PAGADO,AL CORRIENTE,44431,20/08/2021,249.99999,25.45894,4.07342,0,0,C,2021
122057,250,36,14.9,C1,CANCELADO,AL CORRIENTE,0000-00-00,27/08/2021,0,0,0,0,0,C,#VALUE!
122331,250,36,19.9,D3,LIBERADO,AL CORRIENTE,44440,27/08/2021,47.47429,34.19784,5.47167,0,0,D,2021
122496,500,36,21.9,E2,LIBERADO,AL CORRIENTE,44439,28/08/2021,92.1057,75.74341,12.11895,0,0,E,2021
122537,1000,36,14.9,C1,LIBERADO,AL CORRIENTE,44438,28/08/2021,204.00063,101.83576,16.29371,0,0,C,2021
122573,500,24,22.9,E3,LIBERADO,AL CORRIENTE,44438,28/08/2021,157.59125,74.16052,11.86569,0,0,E,2021
122681,350.37713,62,0,G2,LIBERADO,AL CORRIENTE,44438,18/03/2017,34.85864,0,0,0,0,G,2021
122902,250,36,14.9,C1,LIBERADO,AL CORRIENTE,44442,03/09/2021,51.00016,25.45895,4.07343,0,0,C,2021
122939,250,36,18.9,D2,LIBERADO,AL CORRIENTE,44448,04/09/2021,48.12316,32.55069,5.20813,0,0,D,2021
122939,250,36,18.9,D2,LIBERADO,AL CORRIENTE,44448,04/09/2021,48.12316,32.55069,5.20813,0,0,D,2021
122981,500,36,20.9,E1,LIBERADO,INCOBRABLE,44445,04/09/2021,0,0,0,0,0,E,2021
123210,230.31904,6,18.9,D2,PAGADO,AL CORRIENTE,44446,19/10/2019,230.31908,9.15446,1.46471,0.006,0.00096,D,2021
123075,250,36,16.9,C3,LIBERADO,AL CORRIENTE,44447,08/09/2021,49.58537,28.90442,4.6247,0,0,C,2021
123218,250,36,15.9,C2,PAGADO,AL CORRIENTE,44452,09/09/2021,250.00005,12.8535,2.05656,0,0,C,2021
121476,250,36,14.9,C1,CANCELADO,AL CORRIENTE,0000-00-00,09/09/2021,0,0,0,0,0,C,#VALUE!
121476,250,36,14.9,C1,CANCELADO,AL CORRIENTE,0000-00-00,09/09/2021,0,0,0,0,0,C,#VALUE!
123218,250,36,15.9,C2,PAGADO,AL CORRIENTE,44452,09/09/2021,250.00005,12.8535,2.05656,0,0,C,2021
123223,250,36,16.9,C3,LIBERADO,AL CORRIENTE,44452,12/09/2021,43.7129,26.00572,4.16091,1.1661,0.18658,C,2021
123561,565.41018,36,11.9,B1,LIBERADO,AL CORRIENTE,44452,19/10/2019,120.33554,45.76723,7.32275,0.01446,0.00231,B,2021
122929,250,36,14.9,C1,LIBERADO,AL CORRIENTE,44460,14/09/2021,45.00407,22.91416,3.66626,0,0,C,2021
123415,250,36,15.9,C2,PAGADO,AL CORRIENTE,44456,15/09/2021,250,18.84691,3.01551,0,0,C,2021
123587,250,36,18.9,D2,LIBERADO,AL CORRIENTE,44456,15/09/2021,42.38015,29.27531,4.68407,0,0,D,2021
123625,250,24,17.9,D1,LIBERADO,AL CORRIENTE,44459,16/09/2021,74.39088,26.60638,4.25703,0,0,D,2021
123533,250,24,19.9,D3,LIBERADO,AL CORRIENTE,44466,16/09/2021,71.02298,29.10633,4.65702,0,0,D,2021
123806,250,36,19.9,D3,LIBERADO,AL CORRIENTE,44461,18/09/2021,41.78933,30.75158,4.92026,0,0,D,2021
123463,250,36,23.9,F1,PAGADO,AL CORRIENTE,44462,18/09/2021,250,28.47571,4.5561,0,0,F,2021
123619,250,36,20.9,E1,LIBERADO,AL CORRIENTE,44459,18/09/2021,41.13928,32.39539,5.18326,0,0,E,2021
123806,250,36,19.9,D3,LIBERADO,AL CORRIENTE,44461,18/09/2021,41.78933,30.75158,4.92026,0,0,D,2021
123188,500,36,13.9,B3,LIBERADO,EN MORA,44461,19/09/2021,66.04048,32.73269,5.23723,3.01241,0.48199,B,2021
123769,500,36,19.9,D3,LIBERADO,AL CORRIENTE,44461,21/09/2021,83.57862,61.5031,9.8405,0,0,D,2021
123797,500,36,16.9,C3,LIBERADO,AL CORRIENTE,44463,22/09/2021,106.3813,50.63606,8.10177,0,0,C,2021
124209,500,36,17.9,D1,LIBERADO,AL CORRIENTE,44466,25/09/2021,86.08625,55.27718,8.84434,0,0,D,2021
124112,500,36,17.9,D1,LIBERADO,AL CORRIENTE,44466,25/09/2021,86.08626,55.27717,8.84434,0,0,D,2021
124112,500,36,17.9,D1,LIBERADO,AL CORRIENTE,44466,25/09/2021,86.08626,55.27717,8.84434,0,0,D,2021
124274,500,36,17.9,D1,LIBERADO,AL CORRIENTE,44468,29/09/2021,86.08626,55.27721,8.84435,0,0,D,2021
124511,500,36,18.9,D2,LIBERADO,AL CORRIENTE,44469,29/09/2021,84.76033,58.55063,9.36809,0,0,D,2021
124699,500,36,19.9,D3,LIBERADO,AL CORRIENTE,44473,02/10/2021,83.57859,61.50316,9.84051,0.00423,0.00068,D,2021
124595,500,36,18.9,D2,PAGADO,AL CORRIENTE,44476,06/10/2021,499.99997,15.61913,2.49906,0,0,D,2021
124749,500,36,19.9,D3,LIBERADO,AL CORRIENTE,44477,06/10/2021,83.57862,61.50319,9.84052,0,0,D,2021
124847,500,36,15.9,C2,LIBERADO,AL CORRIENTE,44477,06/10/2021,88.64293,49.07903,7.85263,0,0,C,2021
125003,500,36,19.9,D3,LIBERADO,AL CORRIENTE,44476,07/10/2021,83.57851,61.50321,9.84051,0,0,D,2021
125311,500,36,15.9,C2,LIBERADO,AL CORRIENTE,44484,14/10/2021,76.96087,43.46277,6.95404,0,0,C,2021
125401,500,36,14.9,C1,LIBERADO,AL CORRIENTE,44484,15/10/2021,78.18608,40.59205,6.49473,0,0,C,2021
125373,500,36,17.9,D1,PAGADO,AL CORRIENTE,44487,16/10/2021,499.99994,29.46246,4.71399,0,0,D,2021
125510,500,36,17.9,D1,LIBERADO,AL CORRIENTE,44487,16/10/2021,74.66855,48.93387,7.82942,0,0,D,2021
125745,500,36,19.9,D3,LIBERADO,AL CORRIENTE,44488,19/10/2021,83.57864,61.50318,9.84051,0,0,D,2021
125546,500,36,16.9,C3,LIBERADO,AL CORRIENTE,44490,20/10/2021,75.86923,46.0517,7.36828,0,0,C,2021
125755,500,36,17.9,D1,LIBERADO,AL CORRIENTE,44491,20/10/2021,74.66855,48.93388,7.82941,0,0,D,2021
125973,500,36,12.9,B2,LIBERADO,AL CORRIENTE,44494,23/10/2021,80.54924,35.15466,5.62474,0,0,B,2021
125586,1000,24,9.9,A2,LIBERADO,AL CORRIENTE,44495,25/10/2021,268.37827,51.3528,8.21645,0,0,A,2021
126058,1000,36,14.9,C1,LIBERADO,AL CORRIENTE,44495,25/10/2021,156.37213,81.18414,12.98946,0,0,C,2021
125582,500,36,17.9,D1,LIBERADO,AL CORRIENTE,44495,26/10/2021,181.51976,47.28352,7.56535,0,0,D,2021
125991,500,36,16.9,C3,LIBERADO,AL CORRIENTE,44497,26/10/2021,75.86923,46.0517,7.36828,0,0,C,2021
126351,500,36,17.9,D1,LIBERADO,AL CORRIENTE,44501,28/10/2021,74.66855,48.93391,7.82942,0.15097,0.02415,D,2021
126491,500,24,18.9,D2,LIBERADO,AL CORRIENTE,44501,31/10/2021,124.10295,49.48402,7.91744,0,0,D,2021
126644,500,36,18.9,D2,LIBERADO,AL CORRIENTE,44503,03/11/2021,73.48076,52.25731,8.36116,0,0,D,2021
126381,500,24,19.9,D3,LIBERADO,AL CORRIENTE,44508,06/11/2021,123.08612,51.9741,8.31586,0,0,D,2021
127281,500,36,17.9,D1,LIBERADO,AL CORRIENTE,44519,13/11/2021,63.44495,42.42319,6.78771,0,0,D,2021
127314,500,24,19.9,D3,PAGADO,AL CORRIENTE,44516,13/11/2021,500.00026,24.40532,3.90485,0,0,D,2021
127368,500,36,19.9,D3,LIBERADO,AL CORRIENTE,44516,13/11/2021,81.04356,45.68866,7.3102,0,0,D,2021
127296,500,12,19.9,D3,LIBERADO,AL CORRIENTE,44522,18/11/2021,235.75195,40.11631,6.41862,0,0,D,2021
127569,500,36,9.9,A2,LIBERADO,AL CORRIENTE,44519,19/11/2021,71.86203,23.3574,3.73719,0,0,A,2021
127651,500,36,16.9,C3,LIBERADO,AL CORRIENTE,44519,19/11/2021,64.49804,39.93214,6.38915,0,0,C,2021
127336,1000,36,15.9,C2,PAGADO,AL CORRIENTE,44526,25/11/2021,999.99984,75.38775,12.06204,0,0,C,2021
128198,500,36,17.9,D1,LIBERADO,AL CORRIENTE,44526,25/11/2021,63.44498,42.42321,6.7877,0,0,D,2021
128296,500,36,18.9,D2,LIBERADO,AL CORRIENTE,44529,27/11/2021,62.40387,44.91845,7.18694,0,0,D,2021
128668,500,36,18.9,D2,LIBERADO,AL CORRIENTE,44536,03/12/2021,62.40387,44.91842,7.18694,0,0,D,2021
128304,500,36,19.9,D3,LIBERADO,AL CORRIENTE,44544,07/12/2021,50.73769,39.73167,6.35707,0,0,D,2021
129049,500,36,19.9,D3,LIBERADO,AL CORRIENTE,44540,10/12/2021,50.73771,39.73167,6.35706,0,0,D,2021
129233,500,36,18.9,D2,LIBERADO,AL CORRIENTE,44550,17/12/2021,54.11528,37.8434,6.05493,0,0,D,2021
128974,500,36,15.9,C2,LIBERADO,AL CORRIENTE,44551,18/12/2021,54.12571,31.7745,5.08392,0,0,C,2021
130111,500,36,13.9,B3,LIBERADO,EN MORA,44561,31/12/2021,21.94259,11.42583,1.82814,0,0,B,2021
130096,500,36,16.9,C3,LIBERADO,AL CORRIENTE,44565,04/01/2022,53.30921,33.65536,5.38485,0,0,C,2022
130411,500,36,16.9,C3,LIBERADO,AL CORRIENTE,44566,04/01/2022,53.30923,33.65538,5.38487,0,0,C,2022
130535,500,36,15.9,C2,LIBERADO,AL CORRIENTE,44567,06/01/2022,54.12575,31.77449,5.08391,0,0,C,2022
130522,500,24,12.9,B2,LIBERADO,AL CORRIENTE,44568,07/01/2022,92.2441,24.97633,3.99621,0,0,B,2022
130590,500,36,16.9,C3,LIBERADO,AL CORRIENTE,44571,08/01/2022,70.50823,32.93709,5.26994,0,0,C,2022
130636,500,36,14.9,C1,LIBERADO,AL CORRIENTE,44571,08/01/2022,55.04316,29.68746,4.74999,0,0,C,2022
130718,500,36,13.9,B3,LIBERADO,AL CORRIENTE,44573,11/01/2022,55.9714,27.60342,4.41654,0,0,B,2022
130879,500,36,13.9,B3,LIBERADO,AL CORRIENTE,44574,13/01/2022,44.47716,22.34127,3.5746,0,0,B,2022
130673,500,36,14.9,C1,LIBERADO,AL CORRIENTE,44575,14/01/2022,43.71753,24.02326,3.84372,0,0,C,2022
131062,500,36,10.9,A3,LIBERADO,AL CORRIENTE,44578,15/01/2022,46.73288,17.47446,2.79591,0,0,A,2022
131209,500,36,8.9,A1,LIBERADO,AL CORRIENTE,44580,19/01/2022,48.25332,14.2948,2.28717,0,0,A,2022
131380,500,24,18.9,D2,LIBERADO,AL CORRIENTE,44581,20/01/2022,68.98172,29.94404,4.79105,0,0,D,2022
131314,500,36,14.9,C1,LIBERADO,AL CORRIENTE,44582,21/01/2022,43.71755,24.02326,3.84371,0,0,C,2022
131243,500,36,14.9,C1,LIBERADO,AL CORRIENTE,44585,22/01/2022,43.71749,24.02321,3.84372,0,0,C,2022
131461,500,12,21.9,E2,PAGADO,AL CORRIENTE,44585,22/01/2022,499.99993,25.36927,4.05908,0,0,E,2022
131611,500,36,14.9,C1,LIBERADO,AL CORRIENTE,44586,25/01/2022,43.71754,24.02325,3.84371,0,0,C,2022
131320,500,36,15.9,C2,LIBERADO,AL CORRIENTE,44588,26/01/2022,42.96717,25.70702,4.11313,0,0,C,2022
131685,500,36,8.9,A1,LIBERADO,AL CORRIENTE,44588,27/01/2022,48.25332,14.2948,2.28717,0,0,A,2022
131698,500,36,17.9,D1,LIBERADO,AL CORRIENTE,44588,27/01/2022,41.56712,28.91099,4.62576,0,0,D,2022
131581,250,36,25.9,F3,LIBERADO,AL CORRIENTE,44592,29/01/2022,18.11699,20.97808,3.35649,0,0,F,2022
131960,500,36,17.9,D1,LIBERADO,AL CORRIENTE,44594,01/02/2022,288.77018,17.71403,2.83425,0,0,D,2022
130421,500,36,12.9,B2,LIBERADO,AL CORRIENTE,44600,02/02/2022,45.16882,20.82916,3.33266,0,0,B,2022
132133,500,36,19.9,D3,PAGADO,AL CORRIENTE,44595,03/02/2022,499.99997,30.44705,4.87154,0,0,D,2022
130703,500,36,13.9,B3,CANCELADO,AL CORRIENTE,0000-00-00,05/02/2022,0,0,0,0,0,B,#VALUE!
132186,500,36,19.9,D3,LIBERADO,AL CORRIENTE,44601,05/02/2022,29.86193,24.3396,3.89434,0,0,D,2022
132196,500,24,16.9,C3,LIBERADO,AL CORRIENTE,44601,09/02/2022,70.46179,26.63827,4.26212,0,0,C,2022
130858,500,36,16.9,C3,LIBERADO,AL CORRIENTE,44602,10/02/2022,31.46705,20.64019,3.30244,0,0,C,2022
132278,500,36,13.9,B3,LIBERADO,AL CORRIENTE,44603,10/02/2022,33.13488,16.9482,2.71171,0,0,B,2022
132476,500,36,14.9,C1,LIBERADO,AL CORRIENTE,44602,10/02/2022,43.71749,24.02323,3.84372,0,0,C,2022
132547,500,36,17.9,D1,LIBERADO,AL CORRIENTE,44606,12/02/2022,30.90649,21.915,3.5064,0,0,D,2022
132600,500,36,16.9,C3,LIBERADO,AL CORRIENTE,44607,15/02/2022,31.46708,20.64016,3.30243,0,0,C,2022
132633,500,36,17.9,D1,LIBERADO,AL CORRIENTE,44608,15/02/2022,41.56715,28.91101,4.62575,0,0,D,2022
132829,500,36,19.9,D3,LIBERADO,AL CORRIENTE,44613,18/02/2022,29.86193,24.3396,3.89434,0,0,D,2022
132957,273.741,80,0,F1,LIBERADO,AL CORRIENTE,44610,27/01/2021,8,0,0,0,0,F,2022
131229,500,36,10.9,A3,LIBERADO,AL CORRIENTE,44615,19/02/2022,34.86594,13.2642,2.12227,0,0,A,2022
132893,500,36,18.9,D2,LIBERADO,AL CORRIENTE,44613,19/02/2022,30.35339,23.19077,3.71053,0,0,D,2022
132963,500,36,11.9,B1,LIBERADO,AL CORRIENTE,44613,20/02/2022,34.26188,14.53362,2.32538,0,0,B,2022
132500,500,36,14.9,C1,PAGADO,AL CORRIENTE,44616,23/02/2022,500.00002,12.28102,1.96496,0,0,C,2022
133003,500,36,14.9,C1,LIBERADO,AL CORRIENTE,44615,23/02/2022,32.55265,18.22045,2.91527,0,0,C,2022
133086,500,36,17.9,D1,LIBERADO,AL CORRIENTE,44615,23/02/2022,30.90643,21.91505,3.5064,0,0,D,2022
133179,500,36,10.9,A3,LIBERADO,AL CORRIENTE,44616,23/02/2022,34.86597,13.26421,2.12227,0,0,A,2022
133204,500,36,13.9,B3,LIBERADO,AL CORRIENTE,44616,23/02/2022,33.13488,16.94823,2.71172,0,0,B,2022
133078,500,36,24.9,F2,LIBERADO,AL CORRIENTE,44620,25/02/2022,27.29056,30.60582,4.89693,0,0,F,2022
133418,1000,36,13.9,B3,LIBERADO,AL CORRIENTE,44621,25/02/2022,66.26973,33.89643,5.42343,0,0,B,2022
133467,1000,36,13.9,B3,LIBERADO,AL CORRIENTE,44620,25/02/2022,66.26978,33.89645,5.42343,0,0,B,2022
133180,500,36,21.9,E2,LIBERADO,AL CORRIENTE,44620,25/02/2022,28.7912,26.89497,4.30319,0,0,E,2022
132381,500,36,14.9,C1,CANCELADO,AL CORRIENTE,0000-00-00,01/03/2022,0,0,0,0,0,C,#VALUE!
133469,500,36,16.9,C3,LIBERADO,AL CORRIENTE,44621,01/03/2022,31.46705,20.64017,3.30243,0,0,C,2022
133569,500,36,12.9,B2,LIBERADO,AL CORRIENTE,44621,01/03/2022,33.66532,15.80403,2.52865,0,0,B,2022
133862,500,36,16.9,C3,LIBERADO,EN MORA,44622,02/03/2022,10.3199,7.02585,1.12414,0,0,C,2022
133999,500,36,19.9,D3,LIBERADO,AL CORRIENTE,44627,04/03/2022,29.86196,24.33959,3.89434,0,0,D,2022
134026,500,36,22.9,E3,LIBERADO,AL CORRIENTE,44627,04/03/2022,28.31893,28.04594,4.48735,0,0,E,2022
133776,500,36,17.9,D1,LIBERADO,AL CORRIENTE,44628,04/03/2022,20.42713,14.76277,2.36204,0,0,D,2022
133912,500,36,19.9,D3,LIBERADO,AL CORRIENTE,44627,04/03/2022,29.86192,24.33961,3.89434,0,0,D,2022
133913,500,24,14.9,C1,LIBERADO,AL CORRIENTE,44627,04/03/2022,53.52885,17.9625,2.874,0,0,C,2022
134065,500,24,16.9,C3,LIBERADO,AL CORRIENTE,44629,08/03/2022,34.66129,13.81017,2.20963,0,0,C,2022
134062,500,36,18.9,D2,LIBERADO,AL CORRIENTE,44631,09/03/2022,30.35339,23.19073,3.71052,0,0,D,2022
134246,500,36,17.9,D1,LIBERADO,EN MORA,44637,10/03/2022,0,0,0,0,0,D,2022
134255,250,36,24.9,F2,LIBERADO,AL CORRIENTE,44635,10/03/2022,8.98813,10.29566,1.6473,0,0,F,2022
134316,500,36,13.9,B3,LIBERADO,AL CORRIENTE,44630,10/03/2022,21.94256,11.42581,1.82813,0,0,B,2022
134060,500,36,14.9,C1,LIBERADO,AL CORRIENTE,44634,12/03/2022,21.54625,12.28102,1.96496,0,0,C,2022
134423,500,24,11.9,B1,LIBERADO,AL CORRIENTE,44634,12/03/2022,36.62786,9.73328,1.55732,0,0,B,2022
134060,500,36,14.9,C1,LIBERADO,AL CORRIENTE,44634,13/03/2022,21.54625,12.28102,1.96496,0,0,C,2022
134517,500,36,14.9,C1,LIBERADO,AL CORRIENTE,44635,15/03/2022,21.54626,12.28103,1.96496,0,0,C,2022
134575,500,36,18.9,D2,LIBERADO,AL CORRIENTE,44636,15/03/2022,20.05153,15.6191,2.49906,0,0,D,2022
134376,500,36,17.9,D1,LIBERADO,AL CORRIENTE,44636,16/03/2022,20.42715,14.7628,2.36204,0,0,D,2022
134692,500,36,12.9,B2,LIBERADO,AL CORRIENTE,44642,18/03/2022,33.66534,15.80403,2.52865,0,0,B,2022
134773,500,24,8.9,A1,LIBERADO,AL CORRIENTE,44642,18/03/2022,37.85483,7.27408,1.16385,0,0,A,2022
134992,500,36,19.9,D3,LIBERADO,AL CORRIENTE,44643,23/03/2022,19.71807,16.39,2.6224,0,0,D,2022
135014,500,36,14.9,C1,LIBERADO,AL CORRIENTE,44645,24/03/2022,21.54625,12.28102,1.96496,0,0,C,2022
135046,500,36,15.9,C2,LIBERADO,AL CORRIENTE,44645,25/03/2022,21.15531,13.13651,2.10184,0,0,C,2022
135069,500,36,15.9,C2,LIBERADO,AL CORRIENTE,44645,25/03/2022,21.15528,13.1365,2.10184,0,0,C,2022
135187,464.60207,30,15.9,C2,LIBERADO,AL CORRIENTE,44645,26/01/2020,24.79078,12.17272,1.94763,0,0,C,2022
134584,500,36,15.9,C2,PAGADO,AL CORRIENTE,44649,26/03/2022,499.99995,19.49365,3.11899,0,0,C,2022
135093,500,36,12.9,B2,LIBERADO,AL CORRIENTE,44649,26/03/2022,22.30387,10.65643,1.70503,0,0,B,2022
135126,500,24,10.9,A3,LIBERADO,AL CORRIENTE,44648,26/03/2022,37.04764,8.88493,1.42159,0,0,A,2022
135185,500,36,18.9,D2,LIBERADO,AL CORRIENTE,44649,29/03/2022,20.05157,15.61913,2.49906,0,0,D,2022
135276,500,36,18.9,D2,LIBERADO,AL CORRIENTE,44658,31/03/2022,20.05156,15.61913,2.49906,0,0,D,2022
135407,500,36,15.9,C2,LIBERADO,AL CORRIENTE,44652,31/03/2022,21.15529,13.1365,2.10184,0,0,C,2022
135520,500,12,12.9,B2,LIBERADO,AL CORRIENTE,44655,02/04/2022,110.03815,10.35692,1.65711,0,0,B,2022
135405,500,24,18.9,D2,LIBERADO,AL CORRIENTE,44656,05/04/2022,33.86545,15.51115,2.48178,0,0,D,2022
135413,500,36,12.9,B2,LIBERADO,AL CORRIENTE,44656,05/04/2022,35.6372,10.65643,1.70503,0,0,B,2022
135514,500,36,17.9,D1,LIBERADO,AL CORRIENTE,44656,05/04/2022,20.42718,14.76282,2.36206,0,0,D,2022
134468,500,36,22.9,E3,LIBERADO,AL CORRIENTE,44658,06/04/2022,18.6722,18.8758,3.02013,0,0,E,2022
135696,500,36,22.9,E3,LIBERADO,AL CORRIENTE,44664,06/04/2022,9.23407,9.52586,1.52414,0,0,E,2022
135249,500,36,11.9,B1,LIBERADO,AL CORRIENTE,44658,07/04/2022,22.71041,9.80187,1.5683,0,0,B,2022
135745,500,36,17.9,D1,LIBERADO,AL CORRIENTE,44664,07/04/2022,10.12598,7.45689,1.1931,0,0,D,2022
135385,500,36,18.9,D2,LIBERADO,AL CORRIENTE,44659,08/04/2022,20.26855,23.19074,3.71052,0,0,D,2022
135694,500,36,18.9,D2,LIBERADO,AL CORRIENTE,44663,08/04/2022,9.93489,7.88792,1.26207,0,0,D,2022
135837,500,24,18.9,D2,PAGADO,AL CORRIENTE,44659,08/04/2022,499.9999,15.5111,2.48177,0,0,D,2022
135905,500,36,11.9,B1,LIBERADO,AL CORRIENTE,44662,09/04/2022,11.2903,4.9569,0.7931,0,0,B,2022
135598,500,36,19.9,D3,LIBERADO,AL CORRIENTE,44669,14/04/2022,9.7653,8.27585,1.32414,0,0,D,2022
136184,500,36,11.9,B1,LIBERADO,AL CORRIENTE,44669,15/04/2022,11.29028,4.95691,0.7931,0,0,B,2022
136033,500,36,14.9,C1,LIBERADO,AL CORRIENTE,44672,19/04/2022,10.69612,6.2069,0.9931,0,0,C,2022
136381,500,36,19.9,D3,LIBERADO,AL CORRIENTE,44671,19/04/2022,9.7653,8.27587,1.32414,0,0,D,2022
136323,500,36,18.9,D2,LIBERADO,AL CORRIENTE,44672,20/04/2022,9.93488,7.88793,1.26207,0,0,D,2022
136448,500,36,18.9,D2,LIBERADO,AL CORRIENTE,44672,20/04/2022,9.93488,7.88792,1.26207,0,0,D,2022
135534,500,12,9.9,A2,LIBERADO,AL CORRIENTE,44678,27/04/2022,39.5122,4.13793,0.66207,0,0,A,2022
136526,500,36,15.9,C2,LIBERADO,AL CORRIENTE,44679,28/04/2022,10.49683,6.63793,1.06207,0,0,C,2022
137079,500,36,16.9,C3,LIBERADO,AL CORRIENTE,44683,29/04/2022,10.31988,7.02587,1.12414,0,0,C,2022
136758,500,36,19.9,D3,LIBERADO,AL CORRIENTE,44683,30/04/2022,9.7653,8.27586,1.32414,0,0,D,2022
136766,500,36,19.9,D3,LIBERADO,AL CORRIENTE,44685,02/05/2022,105.78462,8.27585,1.32414,0,0,D,2022
137392,1000,36,22.9,E3,LIBERADO,AL CORRIENTE,44684,02/05/2022,18.46815,19.0517,3.04827,0,0,E,2022
137682,500,36,15.9,C2,LIBERADO,AL CORRIENTE,44685,04/05/2022,10.49683,6.63793,1.06207,0,0,C,2022
137569,500,36,17.9,D1,LIBERADO,AL CORRIENTE,44687,05/05/2022,10.126,7.45688,1.1931,0,0,D,2022
139161,500,24,14.9,C1,LIBERADO,AL CORRIENTE,44690,07/05/2022,246.97722,9.60742,1.53719,0,0,C,2022
138736,500,36,15.9,C2,LIBERADO,AL CORRIENTE,44692,11/05/2022,0,0,0,0,0,C,2022
140134,500,36,13.9,B3,LIBERADO,AL CORRIENTE,44697,13/05/2022,0,0,0,0,0,B,2022
140190,500,36,19.9,D3,LIBERADO,AL CORRIENTE,44694,13/05/2022,0,0,0,0,0,D,2022
140023,500,36,11.9,B1,LIBERADO,AL CORRIENTE,44697,14/05/2022,0,0,0,0,0,B,2022
140491,500,36,15.9,C2,LIBERADO,AL CORRIENTE,44697,14/05/2022,0,0,0,0,0,C,2022
140643,500,36,19.9,D3,LIBERADO,AL CORRIENTE,44698,14/05/2022,0,0,0,0,0,D,2022
140869,1000,36,14.9,C1,LIBERADO,AL CORRIENTE,44699,16/05/2022,32.50333,12.41378,1.9862,0,0,C,2022
140985,500,36,19.9,D3,LIBERADO,AL CORRIENTE,44698,17/05/2022,0,0,0,0,0,D,2022
141841,500,36,14.9,C1,LIBERADO,AL CORRIENTE,44699,18/05/2022,0,0,0,0,0,C,2022
141734,500,36,17.9,D1,LIBERADO,AL CORRIENTE,44700,19/05/2022,0,0,0,0,0,D,2022
141921,500,36,13.9,B3,LIBERADO,AL CORRIENTE,44701,20/05/2022,0,0,0,0,0,B,2022
142254,500,36,8.9,A1,LIBERADO,AL CORRIENTE,44705,20/05/2022,0,0,0,0,0,A,2022
142458,500,36,10.9,A3,LIBERADO,AL CORRIENTE,44701,20/05/2022,0,0,0,0,0,A,2022
142138,500,36,19.9,D3,LIBERADO,AL CORRIENTE,44704,21/05/2022,0,0,0,0,0,D,2022
142245,500,36,12.9,B2,LIBERADO,AL CORRIENTE,44705,21/05/2022,0,0,0,0,0,B,2022
142478,500,24,16.9,C3,LIBERADO,AL CORRIENTE,44704,21/05/2022,0,0,0,0,0,C,2022
142769,500,36,9.9,A2,LIBERADO,AL CORRIENTE,44705,24/05/2022,0,0,0,0,0,A,2022
142932,500,36,10.9,A3,LIBERADO,AL CORRIENTE,44708,26/05/2022,0,0,0,0,0,A,2022
143699,500,36,19.9,D3,LIBERADO,AL CORRIENTE,44711,28/05/2022,0,0,0,0,0,D,2022
143877,500,36,17.9,D1,LIBERADO,AL CORRIENTE,44713,01/06/2022,0,0,0,0,0,D,2022
144214,500,36,19.9,D3,LIBERADO,AL CORRIENTE,44713,01/06/2022,0,0,0,0,0,D,2022
145944,500,36,19.9,D3,LIBERADO,AL CORRIENTE,44713,01/06/2022,0,0,0,0,0,D,2022
146129,500,24,15.9,C2,LIBERADO,AL CORRIENTE,44713,01/06/2022,0,0,0,0,0,C,2022
146152,500,24,15.9,C2,LIBERADO,AL CORRIENTE,44713,01/06/2022,0,0,0,0,0,C,2022
146522,500,36,11.9,B1,LIBERADO,AL CORRIENTE,44714,02/06/2022,0,0,0,0,0,B,2022
143645,500,36,15.9,C2,LIBERADO,AL CORRIENTE,44718,03/06/2022,0,0,0,0,0,C,2022
147072,500,36,18.9,D2,LIBERADO,AL CORRIENTE,44715,03/06/2022,0,0,0,0,0,D,2022
147177,500,36,10.9,A3,LIBERADO,AL CORRIENTE,44719,04/06/2022,0,0,0,0,0,A,2022
147251,500,36,16.9,C3,LIBERADO,AL CORRIENTE,44718,04/06/2022,0,0,0,0,0,C,2022
147177,500,36,10.9,A3,LIBERADO,AL CORRIENTE,44719,04/06/2022,0,0,0,0,0,A,2022
147251,500,36,16.9,C3,LIBERADO,AL CORRIENTE,44718,04/06/2022,0,0,0,0,0,C,2022
147906,500,36,19.9,D3,LIBERADO,AL CORRIENTE,44720,08/06/2022,0,0,0,0,0,D,2022
